bromeliad_id,Class,Order,Family,Subfamily,Genus,Species,n,stage
B,Hexapoda,Coleoptera,Scirtidae,NA,NA,sp1,3,larva
B,Clitellata,Haplotaxida,Enchytraeidae,NA,NA,sp1,4,unknown
B,Hexapoda,Diptera,Chironomidae,Chironominae,Polypedilum,sp2,1,larva
B,Hexapoda,Coleoptera,Dytiscidae,NA,NA,sp1,1,adult
B1,Hexapoda,Coleoptera,Scirtidae,NA,NA,sp1,17,larva
B1,Hexapoda,Diptera,Chironomidae,Chironominae,Polypedilum,sp1,19,larva
B1,Hexapoda,Diptera,Ceratopogonidae,Forcipomyiinae,NA,sp1,1,larva
B1,Hexapoda,Diptera,Chironomidae,Chironominae,Polypedilum,sp2,1,larva
B1,Hexapoda,Diptera,Cecidomyiidae,NA,NA,sp1,1,larva
B2,Hexapoda,Coleoptera,Scirtidae,NA,NA,sp1,12,larva
B2,Hexapoda,Diptera,Chironomidae,Chironominae,Polypedilum,sp1,7,larva
B2,Hexapoda,Diptera,NA,NA,NA,sp1,1,larva
B2,Hexapoda,Diptera,Chironomidae,Chironominae,Polypedilum,sp2,3,larva
B2,Hexapoda,Diptera,Limoniidae,NA,NA,sp1,5,larva
B2,Hexapoda,Odonata,NA,NA,NA,sp1,1,larva
B2,Hexapoda,Diptera,Ceratopogonidae,Ceratopogoninae,NA,sp3,1,larva
B2,Hexapoda,Diptera,Chironomidae,Tanypodinae,NA,sp1,1,larva
B2,Hexapoda,Coleoptera,Dytiscidae,NA,NA,sp1,3,larva
B2,Ostracoda,Podocopa,NA,NA,NA,sp1,6,unknown
B2,Hexapoda,Coleoptera,Dytiscidae,NA,NA,sp1,1,adult
B2,Hexapoda,Diptera,Psychodidae,NA,NA,sp1,1,larva
B5,Hexapoda,Diptera,Limoniidae,NA,NA,sp1,15,larva
B5,Hexapoda,Diptera,Chironomidae,Chironominae,Polypedilum,sp1,18,larva
B5,Hexapoda,Odonata,NA,NA,NA,sp1,2,larva
B5,Hexapoda,Diptera,Limoniidae,NA,NA,sp1,1,pupa
B5,Hexapoda,Coleoptera,Dytiscidae,NA,NA,sp1,1,larva
B6,Hexapoda,Coleoptera,Scirtidae,NA,NA,sp1,31,larva
B6,Hexapoda,Diptera,Chironomidae,Chironominae,Polypedilum,sp1,11,larva
B6,Hexapoda,Diptera,Chironomidae,Tanypodinae,NA,sp1,2,larva
B6,Hexapoda,Odonata,NA,NA,NA,sp1,1,larva
B6,Hexapoda,Diptera,Psychodidae,NA,NA,sp1,1,larva
B6,Hexapoda,Coleoptera,Hydrophilidae,NA,NA,sp1,1,larva
B6,Hexapoda,Diptera,Chironomidae,Chironominae,Polypedilum,sp2,1,larva
B6,Clitellata,Haplotaxida,Enchytraeidae,NA,NA,sp1,1,unknown
B7,Hexapoda,Diptera,Limoniidae,NA,NA,sp1,2,larva
B7,Clitellata,Haplotaxida,Enchytraeidae,NA,NA,sp1,2,unknown
B7,Hexapoda,Coleoptera,Scirtidae,NA,NA,sp1,1,larva
B4,Hexapoda,Diptera,Limoniidae,NA,NA,sp1,6,larva
B4,Hexapoda,Diptera,Chironomidae,Chironominae,Polypedilum,sp1,8,larva
B4,Hexapoda,Coleoptera,Dytiscidae,NA,NA,sp1,1,larva
B4,Hexapoda,Coleoptera,Scirtidae,NA,NA,sp1,2,larva
B4,Hexapoda,Diptera,Chironomidae,Chironominae,Polypedilum,sp2,1,larva
B4,Hexapoda,Coleoptera,Curculionidae,NA,NA,sp1,1,larva
A,Hexapoda,Coleoptera,Scirtidae,NA,NA,sp1,2,larva
A,Hexapoda,Diptera,Chironomidae,Chironominae,Polypedilum,sp1,3,larva
A,Hexapoda,Diptera,Chironomidae,NA,NA,sp1,1,larva
D,Hexapoda,Diptera,Limoniidae,NA,NA,sp1,12,larva
D,Hexapoda,Diptera,Chironomidae,Chironominae,Polypedilum,sp2,1,larva
D,Hexapoda,Coleoptera,Scirtidae,NA,NA,sp1,1,larva
D,Hexapoda,Diptera,Culicidae,Culicinae,Culiseta,sp2,1,larva
C,Hexapoda,Coleoptera,Scirtidae,NA,NA,sp1,4,larva
C,Hexapoda,Diptera,Ceratopogonidae,Ceratopogoninae,NA,sp1,2,larva
C,Clitellata,Haplotaxida,Enchytraeidae,NA,NA,sp1,2,unknown
C,Hexapoda,Diptera,Limoniidae,NA,NA,sp1,5,larva
C,Hexapoda,Diptera,Chironomidae,Chironominae,Polypedilum,sp1,1,larva
C,Hexapoda,Diptera,Chironomidae,Chironominae,Polypedilum,sp2,4,larva
C,Ostracoda,Podocopa,NA,NA,NA,sp1,1,unknown
B3,Hexapoda,Coleoptera,Scirtidae,NA,NA,sp1,3,larva
B3,Hexapoda,Diptera,Chironomidae,Chironominae,Polypedilum,sp1,10,larva
B3,Clitellata,Haplotaxida,Enchytraeidae,NA,NA,sp1,2,unknown
B3,Hexapoda,Diptera,Limoniidae,NA,NA,sp1,1,larva
B3,Hexapoda,Diptera,Chironomidae,Tanypodinae,NA,sp1,1,larva
B3,Hexapoda,Diptera,Chironomidae,Chironominae,Polypedilum,sp2,1,larva
B3,Hexapoda,Coleoptera,Dytiscidae,NA,NA,sp1,1,larva
E,Hexapoda,Diptera,Chironomidae,Chironominae,Polypedilum,sp1,8,larva
E,Hexapoda,Diptera,Limoniidae,NA,NA,sp1,4,larva
E,Hexapoda,Coleoptera,Scirtidae,NA,NA,sp1,3,larva
E,Hexapoda,Coleoptera,Dytiscidae,NA,NA,sp1,1,larva
B17,Clitellata,Crassiclitella,Acanthodrilidae,Benhamiinae,Dichogaster,andina,1,unknown
B17,Hexapoda,Diptera,Chironomidae,Chironominae,Polypedilum,sp1,57,larva
B17,Ostracoda,Podocopa,NA,NA,NA,sp1,10,unknown
B17,Hexapoda,Diptera,Limoniidae,NA,NA,sp1,5,larva
B17,Clitellata,Haplotaxida,Enchytraeidae,NA,NA,sp1,3,unknown
B17,Hexapoda,Coleoptera,Dytiscidae,NA,NA,sp1,3,larva
B17,Hexapoda,Diptera,Limoniidae,NA,NA,sp1,1,pupa
B17,Hexapoda,Coleoptera,Scirtidae,NA,NA,sp1,3,larva
B17,Hexapoda,Diptera,Dolichopodidae,NA,NA,sp1,2,larva
B17,Hexapoda,Diptera,Chironomidae,Chironominae,Polypedilum,sp2,3,larva
B13,Hexapoda,Coleoptera,Dytiscidae,NA,NA,sp1,1,adult
B13,Hexapoda,Diptera,Limoniidae,NA,NA,sp1,1,larva
B13,Hexapoda,Diptera,Chironomidae,Chironominae,Polypedilum,sp2,1,larva
B13,Hexapoda,Coleoptera,Scirtidae,NA,NA,sp1,8,larva
B13,Ostracoda,Podocopa,NA,NA,NA,sp1,3,unknown
B13,Hexapoda,Diptera,Chironomidae,Chironominae,Polypedilum,sp1,1,larva
B12,Hexapoda,Coleoptera,Scirtidae,NA,NA,sp1,4,larva
B12,Hexapoda,Diptera,Limoniidae,NA,NA,sp1,2,larva
B12,Ostracoda,Podocopa,NA,NA,NA,sp1,1,unknown
B12,Clitellata,Haplotaxida,Enchytraeidae,NA,NA,sp1,1,unknown
B12,Hexapoda,Diptera,Culicidae,Culicinae,Culiseta,sp2,1,larva
B18,Clitellata,Haplotaxida,Enchytraeidae,NA,NA,sp1,17,unknown
B18,Copepoda,NA,NA,NA,NA,sp1,3,unknown
B18,Hexapoda,Diptera,Chironomidae,Chironominae,Polypedilum,sp1,2,larva
B18,Hexapoda,Coleoptera,Scirtidae,NA,NA,sp1,1,larva
B18,Ostracoda,Podocopa,NA,NA,NA,sp1,2,unknown
B18,Hexapoda,Coleoptera,Dytiscidae,Hydroporinae,Desmopachria,sp1,1,larva
B10,Hexapoda,Diptera,Limoniidae,NA,NA,sp1,3,larva
B10,Clitellata,Haplotaxida,Enchytraeidae,NA,NA,sp1,10,unknown
B10,Ostracoda,Podocopa,NA,NA,NA,sp1,7,unknown
B10,Copepoda,NA,NA,NA,NA,sp1,2,unknown
B10,Hexapoda,Coleoptera,Scirtidae,NA,NA,sp1,2,larva
B10,Hexapoda,Diptera,Chironomidae,Chironominae,Polypedilum,sp1,3,larva
B10,Hexapoda,Coleoptera,Dytiscidae,NA,NA,sp1,2,larva
B15,Hexapoda,Coleoptera,Scirtidae,NA,NA,sp1,5,larva
B15,Hexapoda,Coleoptera,Dytiscidae,NA,NA,sp1,1,adult
B15,Hexapoda,Diptera,Limoniidae,NA,NA,sp1,4,larva
B15,Hexapoda,Diptera,Chironomidae,Chironominae,Polypedilum,sp1,10,larva
B15,Clitellata,Haplotaxida,Enchytraeidae,NA,NA,sp1,3,unknown
B15,Hexapoda,Diptera,Chironomidae,Chironominae,Polypedilum,sp2,3,larva
B15,Ostracoda,Podocopa,NA,NA,NA,sp1,1,unknown
B14,Hexapoda,Diptera,Limoniidae,NA,NA,sp1,8,larva
B14,Hexapoda,Diptera,Chironomidae,Chironominae,Polypedilum,sp1,8,larva
B14,Clitellata,Haplotaxida,Enchytraeidae,NA,NA,sp1,5,unknown
B14,Hexapoda,Coleoptera,Scirtidae,NA,NA,sp1,7,larva
B14,Hexapoda,Diptera,Dolichopodidae,NA,NA,sp1,2,larva
B14,Hexapoda,Diptera,Ceratopogonidae,Forcipomyiinae,NA,sp4,1,larva
B11,Hexapoda,Coleoptera,Scirtidae,NA,NA,sp1,8,larva
B11,Hexapoda,Diptera,Chironomidae,Tanypodinae,NA,sp1,2,larva
B11,Hexapoda,Diptera,Chironomidae,Chironominae,Polypedilum,sp2,1,larva
B11,Hexapoda,Diptera,Corethrellidae,NA,NA,sp1,1,larva
B11,Hexapoda,Coleoptera,Dytiscidae,NA,NA,sp1,1,larva
B11,Clitellata,Haplotaxida,Enchytraeidae,NA,NA,sp1,3,unknown
B11,Hexapoda,Diptera,Limoniidae,NA,NA,sp1,2,larva
B11,Ostracoda,Podocopa,NA,NA,NA,sp1,1,unknown
B16,Hexapoda,Coleoptera,Scirtidae,NA,NA,sp1,3,larva
B16,Clitellata,Haplotaxida,Enchytraeidae,NA,NA,sp1,7,unknown
B16,Hexapoda,Diptera,Limoniidae,NA,NA,sp1,8,larva
B16,Hexapoda,Diptera,Chironomidae,Chironominae,Polypedilum,sp2,3,larva
B16,Hexapoda,Diptera,Chironomidae,Chironominae,Polypedilum,sp1,12,larva
B16,Hexapoda,Diptera,NA,NA,NA,sp1,1,pupa
B16,Hexapoda,Diptera,Culicidae,Culicinae,Culiseta,sp2,2,larva
B16,Ostracoda,Podocopa,NA,NA,NA,sp1,1,unknown
B20,Hexapoda,Diptera,Psychodidae,NA,NA,sp1,3,larva
B20,Hexapoda,Diptera,Chironomidae,Tanypodinae,NA,sp1,4,larva
B20,Hexapoda,Diptera,Chironomidae,Chironominae,Polypedilum,sp2,5,larva
B20,Hexapoda,Diptera,Limoniidae,NA,NA,sp1,6,larva
B20,Clitellata,Haplotaxida,Enchytraeidae,NA,NA,sp1,2,unknown
B20,Hexapoda,NA,NA,NA,NA,sp1,3,larva
B21,Hexapoda,NA,NA,NA,NA,sp1,1,larva
B21,Clitellata,Crassiclitella,Acanthodrilidae,Benhamiinae,Dichogaster,andina,6,unknown
B21,Hexapoda,Diptera,Limoniidae,NA,NA,sp1,7,larva
B21,Ostracoda,Podocopa,NA,NA,NA,sp1,1,unknown
B21,Hexapoda,Diptera,Syrphidae,NA,Quichuana,sp1,1,larva
B21,Hexapoda,Diptera,Chironomidae,Chironominae,Polypedilum,sp2,5,larva
B21,Hexapoda,NA,NA,NA,NA,sp1,2,larva
B21,Ostracoda,Podocopa,NA,NA,NA,sp1,11,unknown
B21,Copepoda,NA,NA,NA,NA,sp1,1,unknown
B21,Hexapoda,Diptera,Culicidae,Culicinae,Culiseta,sp2,1,larva
B21,Hexapoda,Diptera,Chironomidae,Tanypodinae,NA,sp1,1,larva
B27,Hexapoda,Diptera,Limoniidae,NA,NA,sp1,10,larva
B27,Ostracoda,Podocopa,NA,NA,NA,sp1,26,unknown
B27,Hexapoda,NA,NA,NA,NA,sp1,1,larva
B27,Hexapoda,Diptera,Chironomidae,Chironominae,Polypedilum,sp2,1,larva
B27,Hexapoda,Coleoptera,Scirtidae,NA,NA,sp1,1,larva
B28,Hexapoda,Diptera,Limoniidae,NA,NA,sp1,1,larva
B28,Ostracoda,Podocopa,NA,NA,NA,sp1,3,unknown
B28,Hexapoda,Coleoptera,Scirtidae,NA,NA,sp1,2,larva
B29,Hexapoda,Odonata,NA,NA,NA,sp1,1,larva
B29,Hexapoda,Diptera,Limoniidae,NA,NA,sp1,5,larva
B29,Hexapoda,Diptera,Chironomidae,Tanypodinae,NA,sp1,2,larva
B29,Clitellata,Haplotaxida,Enchytraeidae,NA,NA,sp1,2,unknown
B29,Hexapoda,Diptera,Dolichopodidae,NA,NA,sp1,1,larva
B29,Hexapoda,Coleoptera,Scirtidae,NA,NA,sp1,2,larva
B29,Hexapoda,Diptera,Chironomidae,Chironominae,Polypedilum,sp2,2,larva
B29,Hexapoda,Diptera,Ceratopogonidae,Forcipomyiinae,NA,sp4,1,larva
B29,Ostracoda,Podocopa,NA,NA,NA,sp1,3,unknown
B29,Hexapoda,Diptera,Drosophilidae,NA,NA,sp1,2,pupa
B26,Hexapoda,Diptera,Chironomidae,Chironominae,Polypedilum,sp1,10,larva
B26,Hexapoda,Diptera,Psychodidae,NA,NA,sp1,1,larva
B26,Hexapoda,Diptera,Culicidae,Culicinae,Culiseta,sp2,13,larva
B26,Hexapoda,Diptera,Chironomidae,Chironominae,Polypedilum,sp2,5,larva
B26,Ostracoda,Podocopa,NA,NA,NA,sp1,8,unknown
B26,Hexapoda,Diptera,Culicidae,Anophelinae,Anopheles,homonculus,1,larva
B26,Hexapoda,Diptera,Ceratopogonidae,Forcipomyiinae,NA,sp4,1,larva
B26,Hexapoda,Diptera,Culicidae,NA,NA,sp1,1,pupa
B26,Hexapoda,Diptera,Limoniidae,NA,NA,sp1,1,larva
B26,Hexapoda,Coleoptera,Scirtidae,NA,NA,sp1,1,larva
B25,Hexapoda,Diptera,Limoniidae,NA,NA,sp1,16,larva
B25,Ostracoda,Podocopa,NA,NA,NA,sp1,38,unknown
B25,Hexapoda,Diptera,Chironomidae,Tanypodinae,NA,sp1,1,larva
B25,Hexapoda,Diptera,Ceratopogonidae,Forcipomyiinae,NA,sp4,1,larva
B24,Clitellata,Crassiclitellata,NA,NA,NA,sp1,11,unknown
B24,Clitellata,Crassiclitella,Acanthodrilidae,Benhamiinae,Dichogaster,andina,1,unknown
B24,Clitellata,Haplotaxida,Enchytraeidae,NA,NA,sp1,2,unknown
B24,Ostracoda,Podocopa,NA,NA,NA,sp1,2,unknown
B24,Hexapoda,NA,NA,NA,NA,sp1,1,larva
B23,Hexapoda,Diptera,Limoniidae,NA,NA,sp1,3,larva
B23,Clitellata,Haplotaxida,Enchytraeidae,NA,NA,sp1,4,unknown
B23,Hexapoda,Diptera,Chironomidae,Chironominae,Polypedilum,sp1,10,larva
B23,Hexapoda,Diptera,Chironomidae,Chironominae,Polypedilum,sp2,3,larva
B23,Hexapoda,Coleoptera,Scirtidae,NA,NA,sp1,1,larva
B23,Ostracoda,Podocopa,NA,NA,NA,sp1,1,unknown
B23,Clitellata,Crassiclitella,Acanthodrilidae,Benhamiinae,Dichogaster,andina,2,unknown
B23,Hexapoda,Diptera,Chironomidae,Tanypodinae,NA,sp1,1,larva
B23,Hexapoda,Diptera,Ceratopogonidae,Forcipomyiinae,NA,sp1,2,larva
B23,Hexapoda,Diptera,Dolichopodidae,NA,NA,sp1,1,larva
B23,Hexapoda,Diptera,Chironomidae,Chironominae,Polypedilum,sp2,1,pupa
B22,Clitellata,Crassiclitella,Acanthodrilidae,Benhamiinae,Dichogaster,andina,4,unknown
B22,Clitellata,Crassiclitellata,NA,NA,NA,sp1,1,unknown
B22,Hexapoda,Diptera,Chironomidae,Chironominae,Polypedilum,sp1,20,larva
B22,Hexapoda,Diptera,Limoniidae,NA,NA,sp1,1,larva
B22,Hexapoda,Diptera,Chironomidae,Tanypodinae,NA,sp1,6,larva
B22,Hexapoda,Diptera,Chironomidae,Chironominae,Polypedilum,sp2,7,larva
B22,Turbellaria,Tricladida,NA,NA,NA,sp1,1,unknown
B22,Hexapoda,Odonata,NA,NA,NA,sp1,1,larva
B22,Hexapoda,Odonata,NA,NA,NA,sp1,1,larva
B22,Hexapoda,Diptera,Ceratopogonidae,Ceratopogoninae,NA,sp3,1,larva
B43,Hexapoda,Coleoptera,Scirtidae,NA,NA,sp1,14,larva
B43,Hexapoda,Diptera,Limoniidae,NA,NA,sp1,7,larva
B43,Ostracoda,Podocopa,NA,NA,NA,sp1,1,unknown
B43,Hexapoda,Diptera,Culicidae,Culicinae,Wyeomyia,sp1,1,larva
B47,Hexapoda,Coleoptera,Scirtidae,NA,NA,sp1,5,larva
B47,Hexapoda,Diptera,Limoniidae,NA,NA,sp1,2,larva
B47,Ostracoda,Podocopa,NA,NA,NA,sp1,16,unknown
B47,Clitellata,Haplotaxida,Enchytraeidae,NA,NA,sp1,1,unknown
B47,Hexapoda,Diptera,Chironomidae,Chironominae,Polypedilum,sp2,3,larva
B47,Hexapoda,Diptera,Culicidae,Culicinae,Wyeomyia,sp1,1,larva
B42,Hexapoda,Coleoptera,Scirtidae,NA,NA,sp1,14,larva
B42,Hexapoda,Diptera,Limoniidae,NA,NA,sp1,7,larva
B42,Hexapoda,Diptera,Chironomidae,Chironominae,Polypedilum,sp2,36,larva
B42,Hexapoda,Diptera,Ceratopogonidae,Forcipomyiinae,NA,sp2,2,larva
B42,Hexapoda,Diptera,Dolichopodidae,NA,NA,sp1,3,larva
B42,Hexapoda,Diptera,Chironomidae,Chironominae,Polypedilum,sp1,6,larva
B42,Hexapoda,NA,NA,NA,NA,sp1,1,larva
B42,Hexapoda,Coleoptera,Hydrophilidae,NA,NA,sp2,1,larva
B42,Hexapoda,Odonata,NA,NA,NA,sp1,1,larva
B42,Hexapoda,Diptera,Chironomidae,Tanypodinae,NA,sp1,2,larva
B42,Hexapoda,Diptera,Drosophilidae,NA,NA,sp2,1,larva
B49,Hexapoda,Diptera,Chironomidae,Chironominae,Polypedilum,sp1,2,larva
B49,Hexapoda,Coleoptera,Scirtidae,NA,NA,sp1,2,larva
B49,Hexapoda,Diptera,NA,NA,NA,sp1,1,larva
B49,Hexapoda,Diptera,Ceratopogonidae,Forcipomyiinae,NA,sp4,2,larva
B49,Hexapoda,Diptera,Limoniidae,NA,NA,sp1,1,larva
B45,Hexapoda,Diptera,Limoniidae,NA,NA,sp1,3,larva
B45,Hexapoda,Diptera,Dolichopodidae,NA,NA,sp1,1,larva
B45,Hexapoda,Coleoptera,Scirtidae,NA,NA,sp1,1,larva
B45,Hexapoda,Diptera,Ceratopogonidae,Forcipomyiinae,NA,sp4,1,larva
B45,Clitellata,Haplotaxida,Enchytraeidae,NA,NA,sp1,1,unknown
B45,Hexapoda,Diptera,Ceratopogonidae,Forcipomyiinae,NA,sp3,1,larva
B45,Hexapoda,Diptera,Ceratopogonidae,Ceratopogoninae,NA,sp2,4,larva
B48,Hexapoda,Diptera,Limoniidae,NA,NA,sp1,1,larva
B48,Hexapoda,Coleoptera,Scirtidae,NA,NA,sp1,2,larva
B44,Hexapoda,Coleoptera,Scirtidae,NA,NA,sp1,2,larva
B44,Hexapoda,Diptera,Limoniidae,NA,NA,sp1,4,larva
B44,Hexapoda,Diptera,Chironomidae,Chironominae,Polypedilum,sp1,3,larva
B44,Hexapoda,Diptera,Culicidae,Culicinae,Wyeomyia,sp1,1,larva
B44,Hexapoda,Diptera,Chironomidae,Chironominae,Polypedilum,sp2,3,larva
B44,Hexapoda,Coleoptera,Hydrophilidae,NA,NA,sp1,1,larva
B44,Hexapoda,Diptera,Ceratopogonidae,Forcipomyiinae,NA,sp4,1,larva
B44,Clitellata,Haplotaxida,Enchytraeidae,NA,NA,sp1,2,unknown
B44,Hexapoda,NA,NA,NA,NA,sp1,1,larva
B46,Clitellata,Crassiclitella,Acanthodrilidae,Benhamiinae,Dichogaster,andina,3,unknown
B46,Hexapoda,Diptera,Limoniidae,NA,NA,sp1,12,larva
B46,Hexapoda,Diptera,Chironomidae,Chironominae,Polypedilum,sp1,1,larva
B46,Hexapoda,Diptera,Chironomidae,Chironominae,Polypedilum,sp2,1,larva
B46,Hexapoda,NA,NA,NA,NA,sp1,1,larva
B46,Ostracoda,Podocopa,NA,NA,NA,sp1,20,unknown
B46,Hexapoda,Coleoptera,Scirtidae,NA,NA,sp1,2,larva
B46,Hexapoda,Diptera,Ceratopogonidae,Forcipomyiinae,NA,sp4,2,larva
B41,Hexapoda,Coleoptera,Scirtidae,NA,NA,sp1,10,larva
B41,Hexapoda,Diptera,Chironomidae,Tanypodinae,NA,sp1,1,larva
B41,Clitellata,Haplotaxida,Enchytraeidae,NA,NA,sp1,1,unknown
B41,Hexapoda,Diptera,Chironomidae,Chironominae,Polypedilum,sp1,6,larva
B41,Hexapoda,Diptera,Chironomidae,Chironominae,Polypedilum,sp2,4,larva
B41,Hexapoda,Diptera,Limoniidae,NA,NA,sp1,2,larva
B41,Hexapoda,Diptera,Culicidae,Culicinae,Wyeomyia,sp1,1,larva
B35,Ostracoda,Podocopa,NA,NA,NA,sp1,74,unknown
B35,Clitellata,Crassiclitellata,NA,NA,NA,sp1,1,unknown
B35,Hexapoda,Diptera,Limoniidae,NA,NA,sp1,6,larva
B35,Hexapoda,Diptera,Chironomidae,Chironominae,Polypedilum,sp1,2,larva
B35,Clitellata,Haplotaxida,Enchytraeidae,NA,NA,sp1,1,unknown
B35,Hexapoda,Diptera,Ceratopogonidae,Ceratopogoninae,NA,sp1,1,larva
B35,Turbellaria,Tricladida,NA,NA,NA,sp1,1,unknown
B35,Hexapoda,Diptera,Ceratopogonidae,Forcipomyiinae,NA,sp4,1,larva
B35,Hexapoda,Diptera,Chironomidae,Chironominae,Polypedilum,sp2,1,larva
B35,Copepoda,NA,NA,NA,NA,sp1,1,unknown
B38,Hexapoda,Coleoptera,Scirtidae,NA,NA,sp1,14,larva
B38,Hexapoda,Diptera,Chironomidae,Chironominae,Polypedilum,sp1,1,larva
B38,Hexapoda,Diptera,Limoniidae,NA,NA,sp1,2,larva
B38,Hexapoda,Diptera,Chironomidae,Chironominae,Polypedilum,sp2,112,larva
B38,Ostracoda,Podocopa,NA,NA,NA,sp1,12,unknown
B38,Hexapoda,Diptera,Chironomidae,Tanypodinae,NA,sp1,4,larva
B38,Hexapoda,Diptera,Ceratopogonidae,Forcipomyiinae,NA,sp4,9,larva
B38,Hexapoda,Diptera,Culicidae,Anophelinae,Anopheles,homonculus,5,larva
B38,Hexapoda,Diptera,Culicidae,Culicinae,Wyeomyia,sp1,3,larva
B38,Hexapoda,Diptera,Culicidae,Culicinae,Wyeomyia,sp1,1,larva
B38,Hexapoda,Diptera,Culicidae,Culicinae,Culiseta,sp2,12,larva
B38,Hexapoda,Diptera,Psychodidae,NA,NA,sp1,4,larva
B38,Clitellata,Haplotaxida,Enchytraeidae,NA,NA,sp1,2,unknown
B38,Hexapoda,Diptera,Corethrellidae,NA,NA,sp1,4,larva
B38,Hexapoda,Diptera,Ceratopogonidae,Forcipomyiinae,NA,sp2,3,larva
B38,Hexapoda,Diptera,Dolichopodidae,NA,NA,sp1,2,larva
B38,Hexapoda,Diptera,Drosophilidae,NA,NA,sp1,1,pupa
B38,Clitellata,Crassiclitella,Acanthodrilidae,Benhamiinae,Dichogaster,andina,1,unknown
B38,Hexapoda,Diptera,Ceratopogonidae,Ceratopogoninae,NA,sp3,1,larva
B38,Hexapoda,Diptera,Ceratopogonidae,Ceratopogoninae,NA,sp2,1,larva
B40,Copepoda,NA,NA,NA,NA,sp1,1,unknown
B40,Hexapoda,Diptera,Limoniidae,NA,NA,sp1,15,larva
B40,Hexapoda,Diptera,Chironomidae,Chironominae,Polypedilum,sp2,51,larva
B40,Hexapoda,Coleoptera,Scirtidae,NA,NA,sp1,18,larva
B40,Hexapoda,Diptera,Culicidae,Culicinae,Culiseta,sp2,2,larva
B40,Hexapoda,Diptera,Dolichopodidae,NA,NA,sp1,1,larva
B40,Ostracoda,Podocopa,NA,NA,NA,sp1,1,unknown
B40,Hexapoda,Diptera,Chironomidae,Tanypodinae,NA,sp1,1,larva
B31,Clitellata,Crassiclitellata,NA,NA,NA,sp1,1,unknown
B31,Hexapoda,Coleoptera,Scirtidae,NA,NA,sp1,8,larva
B31,Hexapoda,Diptera,Chironomidae,Chironominae,Polypedilum,sp2,14,larva
B31,Ostracoda,Podocopa,NA,NA,NA,sp1,3,unknown
B31,Hexapoda,Diptera,Culicidae,Culicinae,Culiseta,sp2,1,larva
B31,Clitellata,Haplotaxida,Enchytraeidae,NA,NA,sp1,1,unknown
B33,Hexapoda,Coleoptera,Scirtidae,NA,NA,sp1,2,larva
B33,Hexapoda,Diptera,Limoniidae,NA,NA,sp1,7,larva
B33,Hexapoda,Diptera,Chironomidae,Tanypodinae,NA,sp1,1,larva
B33,Hexapoda,Diptera,Chironomidae,Chironominae,Polypedilum,sp2,2,larva
B33,Ostracoda,Podocopa,NA,NA,NA,sp1,3,unknown
B32,Hexapoda,Diptera,Limoniidae,NA,NA,sp1,5,larva
B32,Hexapoda,Diptera,Culicidae,Culicinae,Wyeomyia,sp1,1,larva
B32,Hexapoda,Diptera,Chironomidae,Chironominae,Polypedilum,sp2,3,larva
B32,Hexapoda,Diptera,Culicidae,Culicinae,Culiseta,sp2,1,larva
B32,Hexapoda,Diptera,Limoniidae,NA,NA,sp1,1,pupa
B39,Hexapoda,Diptera,Limoniidae,NA,NA,sp1,2,larva
B39,Hexapoda,Diptera,Chironomidae,Chironominae,Polypedilum,sp2,7,larva
B39,Hexapoda,Diptera,Chironomidae,Tanypodinae,NA,sp1,1,larva
B39,Hexapoda,Diptera,Culicidae,Culicinae,Wyeomyia,sp1,1,larva
B39,Hexapoda,Coleoptera,Scirtidae,NA,NA,sp1,2,larva
B37,Hexapoda,Coleoptera,Scirtidae,NA,NA,sp1,15,larva
B37,Hexapoda,Diptera,Chironomidae,Chironominae,Polypedilum,sp2,22,larva
B37,Hexapoda,Diptera,Ceratopogonidae,Forcipomyiinae,NA,sp4,1,larva
B37,Hexapoda,Diptera,Culicidae,Culicinae,Culiseta,sp2,3,larva
B37,Hexapoda,Diptera,Limoniidae,NA,NA,sp1,1,larva
B34,Hexapoda,Coleoptera,Scirtidae,NA,NA,sp1,6,larva
B34,Hexapoda,Diptera,Limoniidae,NA,NA,sp1,3,larva
B34,Hexapoda,Diptera,Culicidae,Anophelinae,Anopheles,homonculus,1,larva
B34,Hexapoda,Diptera,Chironomidae,Chironominae,Polypedilum,sp2,8,larva
B34,Turbellaria,Tricladida,NA,NA,NA,sp1,1,unknown
B34,Hexapoda,Diptera,Chironomidae,Chironominae,Polypedilum,sp2,1,larva
B34,Ostracoda,Podocopa,NA,NA,NA,sp1,1,unknown
B36,Hexapoda,Coleoptera,Scirtidae,NA,NA,sp1,3,larva
B36,Clitellata,Haplotaxida,Enchytraeidae,NA,NA,sp1,1,unknown
B36,Hexapoda,Diptera,Culicidae,Culicinae,Culiseta,sp2,1,larva
B36,Ostracoda,Podocopa,NA,NA,NA,sp1,1,unknown
B36,Hexapoda,Diptera,Dolichopodidae,NA,NA,sp1,1,larva
B30,Ostracoda,Podocopa,NA,NA,NA,sp1,71,unknown
B30,Hexapoda,Diptera,Chironomidae,Chironominae,Polypedilum,sp2,56,larva
B30,Hexapoda,Coleoptera,Scirtidae,NA,NA,sp1,5,larva
B30,Hexapoda,Diptera,Culicidae,Culicinae,Culiseta,sp2,1,larva
B30,Hexapoda,Diptera,Ceratopogonidae,Forcipomyiinae,NA,sp1,3,larva
B30,Hexapoda,Diptera,Psychodidae,NA,NA,sp2,1,larva
B30,Hexapoda,Diptera,Limoniidae,NA,NA,sp1,1,larva
B30,Hexapoda,Diptera,Ceratopogonidae,Forcipomyiinae,NA,sp4,1,larva
B30,Hexapoda,Diptera,Chironomidae,Tanypodinae,NA,sp1,1,larva
T3,Hexapoda,Odonata,NA,NA,NA,sp1,1,larva
T3,Hexapoda,Diptera,Culicidae,Culicinae,Toxorynchites,sp1,1,larva
T3,Hexapoda,Diptera,Limoniidae,NA,NA,sp1,7,larva
T3,Clitellata,Haplotaxida,Enchytraeidae,NA,NA,sp1,4,unknown
T3,Hexapoda,Diptera,Culicidae,Culicinae,Wyeomyia,sp1,2,larva
T3,Hexapoda,Diptera,Culicidae,Culicinae,Culiseta,sp2,2,larva
T3,Hexapoda,Coleoptera,Scirtidae,NA,NA,sp1,3,larva
T3,Ostracoda,Podocopa,NA,NA,NA,sp1,1,unknown
T3,Hexapoda,Diptera,Chironomidae,Chironominae,Polypedilum,sp2,3,larva
B51,Hexapoda,Diptera,Culicidae,Culicinae,Toxorynchites,sp1,1,larva
B51,Hexapoda,Odonata,NA,NA,NA,sp1,1,larva
B50,Hexapoda,Coleoptera,Scirtidae,NA,NA,sp1,1,larva
B50,Hexapoda,Diptera,Chironomidae,Chironominae,Polypedilum,sp2,1,larva
B50,Ostracoda,Podocopa,NA,NA,NA,sp1,1,unknown
B51,Hexapoda,Diptera,Culicidae,Culicinae,Culiseta,sp2,3,larva
B51,Hexapoda,Diptera,Culicidae,Culicinae,NA,sp1,2,pupa
B51,Hexapoda,Diptera,Chironomidae,Chironominae,Polypedilum,sp2,2,larva
B51,Clitellata,Haplotaxida,Enchytraeidae,NA,NA,sp1,6,unknown
B51,Hexapoda,Coleoptera,Scirtidae,NA,NA,sp1,10,larva
B51,Hexapoda,Diptera,Limoniidae,NA,NA,sp1,7,larva
B52,Hexapoda,Diptera,Culicidae,Culicinae,Culiseta,sp2,6,larva
B52,Hexapoda,Coleoptera,Scirtidae,NA,NA,sp1,2,larva
B52,Hexapoda,Diptera,Limoniidae,NA,NA,sp1,3,larva
B54,Hexapoda,Diptera,Limoniidae,NA,NA,sp1,3,larva
B54,Clitellata,Oligochaeta,NA,NA,NA,sp1,1,unknown
B54,Hexapoda,Coleoptera,Hydrophilidae,NA,NA,sp2,1,larva
B54,Clitellata,Haplotaxida,Enchytraeidae,NA,NA,sp1,1,unknown
B54,Clitellata,Crassiclitella,Acanthodrilidae,Benhamiinae,Dichogaster,andina,3,unknown
B54,Clitellata,Crassiclitellata,NA,NA,NA,sp1,1,unknown
B55,Hexapoda,Diptera,Limoniidae,NA,NA,sp1,7,larva
B55,Clitellata,Crassiclitella,Acanthodrilidae,Benhamiinae,Dichogaster,andina,1,unknown
B55,Clitellata,Oligochaeta,NA,NA,NA,sp1,2,unknown
B56,Hexapoda,Diptera,Limoniidae,NA,NA,sp1,2,larva
B57,Hexapoda,Diptera,Limoniidae,NA,NA,sp1,8,larva
B57,Hexapoda,Coleoptera,Scirtidae,NA,NA,sp1,9,larva
B57,Hexapoda,Diptera,Chironomidae,Chironominae,Polypedilum,sp2,2,larva
B57,Hexapoda,Diptera,Chironomidae,Chironominae,Polypedilum,sp1,4,larva
B53,Hexapoda,Diptera,Culicidae,Culicinae,Toxorynchites,sp1,2,larva
B53,Hexapoda,Diptera,Limoniidae,NA,NA,sp1,26,larva
B53,Hexapoda,Diptera,Culicidae,Culicinae,Wyeomyia,sp1,10,larva
B53,Clitellata,Oligochaeta,NA,NA,NA,sp1,50,unknown
B53,Clitellata,Haplotaxida,Enchytraeidae,NA,NA,sp1,13,unknown
B53,Clitellata,Crassiclitellata,NA,NA,NA,sp1,3,unknown
B53,Hexapoda,Diptera,Culicidae,Culicinae,Wyeomyia,sp1,2,larva
B53,Hexapoda,Diptera,Culicidae,Culicinae,Culiseta,sp2,1,larva
B53,Hexapoda,Diptera,Chironomidae,Tanypodinae,NA,sp1,1,larva
B53,Clitellata,Crassiclitella,Acanthodrilidae,Benhamiinae,Dichogaster,andina,2,unknown
B53,Hexapoda,NA,NA,NA,NA,sp1,1,larva
B53,Hexapoda,Coleoptera,Hydrophilidae,NA,NA,sp2,1,larva
B53,Ostracoda,Podocopa,NA,NA,NA,sp1,4,unknown
B58,Hexapoda,Odonata,NA,NA,NA,sp1,1,larva
B58,Hexapoda,Coleoptera,Scirtidae,NA,NA,sp1,39,larva
B58,Hexapoda,Diptera,Limoniidae,NA,NA,sp1,17,larva
B58,Hexapoda,Diptera,Limoniidae,NA,NA,sp1,1,pupa
B58,Ostracoda,Podocopa,NA,NA,NA,sp1,1,unknown
B58,Hexapoda,Diptera,Culicidae,Culicinae,Wyeomyia,sp1,3,larva
B58,Hexapoda,Diptera,Culicidae,Culicinae,Culiseta,sp2,1,larva
B58,Hexapoda,Diptera,Chironomidae,Chironominae,Polypedilum,sp1,9,larva
B58,Hexapoda,NA,NA,NA,NA,sp1,2,larva
B58,Clitellata,Crassiclitella,Acanthodrilidae,Benhamiinae,Dichogaster,andina,1,unknown
B58,Clitellata,Haplotaxida,Enchytraeidae,NA,NA,sp1,3,unknown
B58,Hexapoda,Diptera,Ceratopogonidae,Forcipomyiinae,NA,sp4,2,larva
B58,Hexapoda,Diptera,Chironomidae,Chironominae,Polypedilum,sp2,1,larva
B58,Hexapoda,Diptera,Dolichopodidae,NA,NA,sp1,1,larva
B58,Clitellata,Oligochaeta,NA,NA,NA,sp1,8,unknown
B61,Hexapoda,Diptera,Limoniidae,NA,NA,sp1,5,larva
B61,Ostracoda,Podocopa,NA,NA,NA,sp1,2,unknown
B61,Clitellata,Haplotaxida,Enchytraeidae,NA,NA,sp1,2,unknown
B60,Hexapoda,Coleoptera,Scirtidae,NA,NA,sp1,5,larva
B60,Hexapoda,Diptera,Limoniidae,NA,NA,sp1,7,larva
B60,Ostracoda,Podocopa,NA,NA,NA,sp1,1,unknown
B60,Hexapoda,Diptera,Culicidae,Culicinae,Wyeomyia,sp1,1,larva
B60,Hexapoda,Diptera,Culicidae,Culicinae,Culiseta,sp2,2,larva
B60,Clitellata,Haplotaxida,Enchytraeidae,NA,NA,sp1,1,unknown
B62,Hexapoda,Coleoptera,Scirtidae,NA,NA,sp1,18,larva
B62,Hexapoda,Diptera,Chironomidae,Chironominae,Polypedilum,sp1,11,larva
B62,Hexapoda,Coleoptera,Hydrophilidae,NA,NA,sp1,1,larva
B62,Hexapoda,Diptera,Limoniidae,NA,NA,sp1,5,larva
B62,Hexapoda,Diptera,Chironomidae,Tanypodinae,NA,sp1,1,larva
B62,Hexapoda,Diptera,Chironomidae,Chironominae,Polypedilum,sp2,1,larva
B63,Hexapoda,Coleoptera,Scirtidae,NA,NA,sp1,3,larva
B64,Hexapoda,Diptera,Limoniidae,NA,NA,sp1,6,larva
B64,Hexapoda,Diptera,Ceratopogonidae,Ceratopogoninae,NA,sp2,2,larva
B65,Hexapoda,Diptera,Limoniidae,NA,NA,sp1,1,pupa
B65,Hexapoda,Coleoptera,Scirtidae,NA,NA,sp1,2,larva
B65,Hexapoda,Diptera,Limoniidae,NA,NA,sp1,9,larva
B65,Clitellata,Haplotaxida,Enchytraeidae,NA,NA,sp1,1,unknown
B65,Ostracoda,Podocopa,NA,NA,NA,sp1,4,unknown
B65,Clitellata,Oligochaeta,NA,NA,NA,sp1,7,unknown
B66,Hexapoda,Coleoptera,Scirtidae,NA,NA,sp1,17,larva
B66,Hexapoda,Diptera,Chironomidae,Tanypodinae,NA,sp1,3,larva
B66,Hexapoda,Diptera,Limoniidae,NA,NA,sp1,6,larva
B66,Hexapoda,Diptera,Culicidae,Anophelinae,Anopheles,homonculus,1,larva
B66,Ostracoda,Podocopa,NA,NA,NA,sp1,12,unknown
B66,Hexapoda,Diptera,Psychodidae,NA,NA,sp1,2,larva
B67,Hexapoda,Diptera,Limoniidae,NA,NA,sp1,6,larva
B67,Ostracoda,Podocopa,NA,NA,NA,sp1,5,unknown
B67,Hexapoda,Diptera,Chironomidae,Chironominae,Polypedilum,sp1,1,larva
B67,Clitellata,Crassiclitella,Acanthodrilidae,Benhamiinae,Dichogaster,andina,1,unknown
B67,Hexapoda,Diptera,Chironomidae,Tanypodinae,NA,sp1,1,larva
B67,Hexapoda,Coleoptera,Scirtidae,NA,NA,sp1,4,larva
B67,Hexapoda,Diptera,Psychodidae,NA,NA,sp1,1,larva
B67,Hexapoda,Diptera,Dolichopodidae,NA,NA,sp1,1,larva
B68,Hexapoda,Diptera,Limoniidae,NA,NA,sp1,1,larva
B68,Hexapoda,Coleoptera,Scirtidae,NA,NA,sp1,3,larva
B68,Hexapoda,Diptera,Psychodidae,NA,NA,sp1,1,larva
B68,Hexapoda,Diptera,Culicidae,Culicinae,Wyeomyia,sp1,1,larva
B68,Hexapoda,Diptera,Chironomidae,Chironominae,Polypedilum,sp1,2,larva
B68,Hexapoda,Diptera,Culicidae,Anophelinae,Anopheles,homonculus,1,larva
B68,Clitellata,Oligochaeta,NA,NA,NA,sp1,1,unknown
B68,Hexapoda,Diptera,Chironomidae,Chironominae,Polypedilum,sp2,2,larva
B68,Hexapoda,Diptera,Ceratopogonidae,Ceratopogoninae,NA,sp3,1,larva
B68,Hexapoda,Diptera,Ceratopogonidae,Forcipomyiinae,NA,sp4,2,larva
B68,Hexapoda,Diptera,Culicidae,Culicinae,Wyeomyia,sp1,1,larva
B69,Hexapoda,Diptera,Limoniidae,NA,NA,sp1,11,larva
B69,Hexapoda,Diptera,Limoniidae,NA,NA,sp1,2,pupa
B69,Hexapoda,Coleoptera,Scirtidae,NA,NA,sp1,4,larva
B69,Hexapoda,Diptera,Dolichopodidae,NA,NA,sp1,1,larva
B69,Clitellata,Crassiclitella,Acanthodrilidae,Benhamiinae,Dichogaster,andina,2,unknown
B69,Hexapoda,Diptera,Culicidae,Anophelinae,Anopheles,homonculus,1,larva
B69,Hexapoda,Diptera,Chironomidae,Tanypodinae,NA,sp1,1,larva
B69,Ostracoda,Podocopa,NA,NA,NA,sp1,26,unknown
B69,Hexapoda,Diptera,Syrphidae,NA,NA,sp1,1,larva
B69,Hexapoda,Diptera,Psychodidae,NA,NA,sp1,1,larva
B70,Hexapoda,Coleoptera,Scirtidae,NA,NA,sp1,8,larva
B70,Hexapoda,Diptera,Chironomidae,Tanypodinae,NA,sp1,2,larva
B70,Ostracoda,Podocopa,NA,NA,NA,sp1,12,unknown
B70,Hexapoda,Diptera,Culicidae,Culicinae,Culiseta,sp2,2,larva
B70,Clitellata,Oligochaeta,NA,NA,NA,sp1,8,unknown
B70,Hexapoda,Diptera,Chironomidae,Chironominae,Polypedilum,sp1,9,larva
B70,Hexapoda,Diptera,Limoniidae,NA,NA,sp1,1,larva
B70,Hexapoda,Coleoptera,Hydrophilidae,NA,NA,sp2,1,larva
B70,Clitellata,NA,NA,NA,NA,sp1,1,unknown
B71,Hexapoda,Coleoptera,Scirtidae,NA,NA,sp1,11,larva
B71,Hexapoda,Diptera,Limoniidae,NA,NA,sp1,7,larva
B71,Clitellata,Oligochaeta,NA,NA,NA,sp1,1,unknown
B71,Hexapoda,Diptera,Ceratopogonidae,Forcipomyiinae,NA,sp4,3,larva
B72,Hexapoda,Coleoptera,Scirtidae,NA,NA,sp1,7,larva
B72,Clitellata,Crassiclitella,Acanthodrilidae,Benhamiinae,Dichogaster,andina,1,unknown
B72,Clitellata,Oligochaeta,NA,NA,NA,sp1,1,unknown
B72,Hexapoda,Diptera,Limoniidae,NA,NA,sp1,1,larva
B72,Hexapoda,Diptera,Culicidae,Culicinae,NA,sp1,1,larva
B72,Hexapoda,Diptera,Ceratopogonidae,Forcipomyiinae,NA,sp4,2,larva
B72,Hexapoda,Diptera,Culicidae,Culicinae,Culiseta,sp2,6,larva
B73,Hexapoda,Odonata,NA,NA,NA,sp1,1,larva
B73,Hexapoda,Coleoptera,Scirtidae,NA,NA,sp1,6,larva
B73,Hexapoda,Diptera,Ceratopogonidae,Forcipomyiinae,NA,sp4,2,larva
B73,Hexapoda,Diptera,Limoniidae,NA,NA,sp1,2,larva
B73,Hexapoda,Diptera,Culicidae,Culicinae,Wyeomyia,sp1,1,larva
B73,Ostracoda,Podocopa,NA,NA,NA,sp1,1,unknown
B74,Hexapoda,Diptera,Psychodidae,NA,NA,sp1,2,larva
B74,Clitellata,Haplotaxida,Enchytraeidae,NA,NA,sp1,2,unknown
B74,Clitellata,Crassiclitella,Acanthodrilidae,Benhamiinae,Dichogaster,andina,1,unknown
B74,Hexapoda,Coleoptera,Scirtidae,NA,NA,sp1,2,larva
B74,Hexapoda,Diptera,Chironomidae,Chironominae,Polypedilum,sp1,1,larva
B74,Hexapoda,Diptera,Ceratopogonidae,Ceratopogoninae,NA,sp3,1,larva
B75,Hexapoda,Coleoptera,Scirtidae,NA,NA,sp1,6,larva
B75,Hexapoda,Diptera,Limoniidae,NA,NA,sp1,5,larva
B75,Clitellata,Oligochaeta,NA,NA,NA,sp1,1,unknown
B75,Hexapoda,Diptera,Culicidae,Culicinae,Culiseta,sp2,3,larva
B75,Ostracoda,Podocopa,NA,NA,NA,sp1,1,unknown
B75,Hexapoda,Diptera,Ceratopogonidae,Ceratopogoninae,NA,sp3,1,larva
B76,Clitellata,Oligochaeta,NA,NA,NA,sp1,1,unknown
B76,Hexapoda,Diptera,Limoniidae,NA,NA,sp1,1,larva
B76,Hexapoda,Diptera,Ceratopogonidae,Forcipomyiinae,NA,sp1,13,larva
B76,Ostracoda,Podocopa,NA,NA,NA,sp1,3,unknown
B76,Hexapoda,Diptera,Culicidae,NA,NA,sp1,1,pupa
B76,Hexapoda,Diptera,Culicidae,Culicinae,Wyeomyia,sp1,1,larva
B76,Hexapoda,Diptera,Culicidae,Culicinae,Culiseta,sp2,1,larva
B76,Turbellaria,Tricladida,NA,NA,NA,sp1,2,unknown
B76,Hexapoda,Diptera,Ceratopogonidae,Forcipomyiinae,NA,sp4,1,larva
B77,Clitellata,Crassiclitella,Acanthodrilidae,Benhamiinae,Dichogaster,andina,2,unknown
B77,Clitellata,Haplotaxida,Enchytraeidae,NA,NA,sp1,1,unknown
B77,Ostracoda,Podocopa,NA,NA,NA,sp1,1,unknown
B77,Hexapoda,Coleoptera,Scirtidae,NA,NA,sp1,3,larva
B78,Hexapoda,Coleoptera,Scirtidae,NA,NA,sp1,19,larva
B78,Hexapoda,Diptera,Limoniidae,NA,NA,sp1,3,larva
B78,Hexapoda,Diptera,Dolichopodidae,NA,NA,sp1,1,larva
B78,Hexapoda,Diptera,Chironomidae,Chironominae,Polypedilum,sp1,2,larva
B78,Hexapoda,Diptera,Ceratopogonidae,Forcipomyiinae,NA,sp2,1,larva
B79,Hexapoda,Coleoptera,Scirtidae,NA,NA,sp1,14,larva
B79,Hexapoda,Diptera,Limoniidae,NA,NA,sp1,5,larva
B79,Clitellata,Haplotaxida,Enchytraeidae,NA,NA,sp1,3,unknown
B79,Hexapoda,Diptera,Chironomidae,Chironominae,Polypedilum,sp1,1,larva
B79,Clitellata,Crassiclitella,Acanthodrilidae,Benhamiinae,Dichogaster,andina,1,unknown
B79,Hexapoda,Diptera,Dolichopodidae,NA,NA,sp1,1,larva
B79,Clitellata,Oligochaeta,NA,NA,NA,sp1,3,unknown
B79,Turbellaria,Tricladida,NA,NA,NA,sp1,1,unknown
B79,Hexapoda,Diptera,Culicidae,Culicinae,Wyeomyia,sp1,1,larva
B80,Hexapoda,Diptera,Limoniidae,NA,NA,sp1,1,larva
B80,Clitellata,Haplotaxida,Enchytraeidae,NA,NA,sp1,2,unknown
B80,Hexapoda,Coleoptera,Hydrophilidae,NA,NA,sp1,1,larva
B80,Hexapoda,Coleoptera,Scirtidae,NA,NA,sp1,1,larva
B81,Hexapoda,Coleoptera,Scirtidae,NA,NA,sp1,2,larva
B81,Hexapoda,Diptera,Limoniidae,NA,NA,sp1,1,larva
B81,Hexapoda,Diptera,Ceratopogonidae,Forcipomyiinae,NA,sp4,1,larva
B81,Turbellaria,Tricladida,NA,NA,NA,sp1,1,unknown
B82,Hexapoda,Coleoptera,Scirtidae,NA,NA,sp1,8,larva
B82,Hexapoda,Diptera,Limoniidae,NA,NA,sp1,5,larva
B82,Hexapoda,Diptera,Culicidae,Culicinae,Culiseta,sp2,2,larva
B82,Clitellata,Haplotaxida,Enchytraeidae,NA,NA,sp1,1,unknown
B82,Hexapoda,Diptera,Syrphidae,NA,NA,sp1,1,larva
B82,Hexapoda,Diptera,Limoniidae,NA,NA,sp1,1,pupa
B82,Ostracoda,Podocopa,NA,NA,NA,sp1,1,unknown
B85,Hexapoda,Coleoptera,Scirtidae,NA,NA,sp1,17,larva
B85,Hexapoda,Diptera,Limoniidae,NA,NA,sp1,4,larva
B83,Hexapoda,Coleoptera,Scirtidae,NA,NA,sp1,11,larva
B83,Clitellata,Oligochaeta,NA,NA,NA,sp1,82,unknown
B83,Clitellata,Crassiclitella,Acanthodrilidae,Benhamiinae,Dichogaster,andina,1,unknown
B83,Hexapoda,Diptera,Chironomidae,Tanypodinae,NA,sp1,7,larva
B83,Hexapoda,Diptera,Dolichopodidae,NA,NA,sp1,1,larva
B83,Hexapoda,Diptera,Limoniidae,NA,NA,sp1,6,larva
B83,Hexapoda,Diptera,Ceratopogonidae,Forcipomyiinae,NA,sp4,1,larva
B83,Hexapoda,Diptera,Psychodidae,NA,NA,sp1,1,larva
B83,Hexapoda,Diptera,Culicidae,Culicinae,Wyeomyia,sp1,1,larva
B84,Hexapoda,Coleoptera,Scirtidae,NA,NA,sp1,12,larva
B84,Hexapoda,Diptera,Chironomidae,Tanypodinae,NA,sp1,1,larva
B84,Hexapoda,Diptera,Ceratopogonidae,Forcipomyiinae,NA,sp4,2,larva
B84,Hexapoda,Diptera,Culicidae,Culicinae,Wyeomyia,sp1,11,larva
B84,Hexapoda,Diptera,Culicidae,NA,NA,sp1,1,pupa
B86,Copepoda,NA,NA,NA,NA,sp1,1,unknown
B86,Hexapoda,Diptera,Limoniidae,NA,NA,sp1,9,larva
B86,Clitellata,Haplotaxida,Enchytraeidae,NA,NA,sp1,1,unknown
B86,Hexapoda,Diptera,Psychodidae,NA,NA,sp1,1,larva
B86,Hexapoda,Coleoptera,Scirtidae,NA,NA,sp1,11,larva
B86,Ostracoda,Podocopa,NA,NA,NA,sp1,1,unknown
B86,Hexapoda,Diptera,Chironomidae,Chironominae,Polypedilum,sp1,14,larva
B86,Clitellata,Oligochaeta,NA,NA,NA,sp1,8,unknown
B86,Hexapoda,Diptera,Culicidae,Culicinae,Wyeomyia,sp1,1,larva
B86,Hexapoda,Diptera,Ceratopogonidae,Ceratopogoninae,NA,sp2,1,larva
B86,Hexapoda,Diptera,Ceratopogonidae,Forcipomyiinae,NA,sp4,2,larva
B86,Clitellata,Crassiclitella,Acanthodrilidae,Benhamiinae,Dichogaster,andina,2,unknown
B86,Hexapoda,Diptera,Chironomidae,Chironominae,Polypedilum,sp2,1,larva
B86,Hexapoda,Diptera,Chironomidae,Tanypodinae,NA,sp1,1,larva
B86,Hexapoda,Coleoptera,Hydrophilidae,NA,NA,sp1,1,larva
B87,Hexapoda,Coleoptera,Scirtidae,NA,NA,sp1,3,larva
B87,Hexapoda,Diptera,Limoniidae,NA,NA,sp1,3,larva
B87,Clitellata,Crassiclitella,Acanthodrilidae,Benhamiinae,Dichogaster,andina,3,unknown
B87,Hexapoda,Diptera,Chironomidae,Chironominae,Polypedilum,sp1,1,larva
B87,Clitellata,Haplotaxida,Enchytraeidae,NA,NA,sp1,1,unknown
B87,Clitellata,Oligochaeta,NA,NA,NA,sp1,2,unknown
B87,Hexapoda,Diptera,Ceratopogonidae,Forcipomyiinae,NA,sp4,1,larva
B88,Copepoda,NA,NA,NA,NA,sp1,2,unknown
B88,Hexapoda,Diptera,Limoniidae,NA,NA,sp1,6,larva
B88,Hexapoda,Diptera,Psychodidae,NA,NA,sp1,1,larva
B88,Clitellata,Haplotaxida,Enchytraeidae,NA,NA,sp1,6,unknown
B88,Clitellata,Oligochaeta,NA,NA,NA,sp1,4,unknown
B88,Hexapoda,Diptera,Chironomidae,Chironominae,Polypedilum,sp1,1,larva
B88,Hexapoda,Diptera,Culicidae,Culicinae,Wyeomyia,sp1,1,larva
B88,Ostracoda,Podocopa,NA,NA,NA,sp1,3,unknown
B88,Hexapoda,Coleoptera,Hydrophilidae,NA,NA,sp1,1,larva
B89,Copepoda,Cladocera,NA,NA,NA,sp1,1,unknown
B89,Hexapoda,Coleoptera,Scirtidae,NA,NA,sp1,1,larva
B89,Hexapoda,Diptera,Limoniidae,NA,NA,sp1,5,larva
B89,Hexapoda,Diptera,Chironomidae,Chironominae,Polypedilum,sp1,4,larva
B89,Clitellata,Haplotaxida,Enchytraeidae,NA,NA,sp1,2,unknown
B89,Clitellata,Crassiclitellata,NA,NA,NA,sp1,2,unknown
B89,Hexapoda,Diptera,Culicidae,Culicinae,Wyeomyia,sp1,8,larva
B89,Turbellaria,Tricladida,NA,NA,NA,sp1,1,unknown
B90,Clitellata,Haplotaxida,Enchytraeidae,NA,NA,sp1,5,unknown
B90,Hexapoda,Diptera,Chironomidae,Chironominae,Polypedilum,sp1,1,larva
B90,Hexapoda,Diptera,Dolichopodidae,NA,NA,sp1,1,larva
B90,Hexapoda,Diptera,Limoniidae,NA,NA,sp1,1,larva
B90,Clitellata,Haplotaxida,Enchytraeidae,NA,NA,sp1,1,unknown
B91,Hexapoda,Diptera,Psychodidae,NA,NA,sp1,3,larva
B91,Clitellata,Haplotaxida,Enchytraeidae,NA,NA,sp1,8,unknown
B91,Hexapoda,Diptera,Limoniidae,NA,NA,sp1,2,larva
B91,Hexapoda,Diptera,Culicidae,Culicinae,Culiseta,sp2,6,larva
B91,Hexapoda,Diptera,Chironomidae,Chironominae,Polypedilum,sp1,2,larva
B92,Hexapoda,Diptera,Chironomidae,Chironominae,Polypedilum,sp1,16,larva
B92,Hexapoda,Diptera,Limoniidae,NA,NA,sp1,6,larva
B92,Hexapoda,Coleoptera,Scirtidae,NA,NA,sp1,10,larva
B92,Clitellata,Haplotaxida,Enchytraeidae,NA,NA,sp1,1,unknown
B92,Hexapoda,Diptera,Chironomidae,Chironominae,Polypedilum,sp2,1,pupa
B93,Hexapoda,Diptera,Culicidae,Culicinae,Toxorynchites,sp1,1,larva
B93,Hexapoda,Diptera,Limoniidae,NA,NA,sp1,15,larva
B93,Hexapoda,Diptera,Psychodidae,NA,NA,sp1,9,larva
B93,Clitellata,Crassiclitella,Acanthodrilidae,Benhamiinae,Dichogaster,andina,4,unknown
B93,Hexapoda,Diptera,Dolichopodidae,NA,NA,sp1,1,larva
B93,Clitellata,Haplotaxida,Enchytraeidae,NA,NA,sp1,10,unknown
B93,Hexapoda,Diptera,Chironomidae,Tanypodinae,NA,sp1,1,larva
B93,Hexapoda,Diptera,Chironomidae,Chironominae,Polypedilum,sp2,2,larva
B93,Hexapoda,Diptera,Culicidae,Culicinae,Wyeomyia,sp1,1,larva
B93,Hexapoda,Diptera,Culicidae,Culicinae,Wyeomyia,sp1,1,larva
B93,Clitellata,Oligochaeta,NA,NA,NA,sp1,1,unknown
B93,Hexapoda,Diptera,Culicidae,Culicinae,Culiseta,sp2,2,larva
B93,Hexapoda,Diptera,NA,NA,NA,sp1,1,pupa
B105,Hexapoda,Odonata,NA,NA,NA,sp1,4,larva
B105,Hexapoda,Diptera,Ceratopogonidae,Forcipomyiinae,NA,sp4,9,larva
B105,Hexapoda,Diptera,Chironomidae,Chironominae,Polypedilum,sp2,14,larva
B105,Hexapoda,Diptera,Chironomidae,Chironominae,Polypedilum,sp1,24,larva
B105,Clitellata,Crassiclitella,Acanthodrilidae,Benhamiinae,Dichogaster,andina,1,unknown
B105,Hexapoda,Diptera,Chironomidae,Tanypodinae,NA,sp1,5,larva
B105,Ostracoda,Podocopa,NA,NA,NA,sp1,32,unknown
B105,Hexapoda,Diptera,Limoniidae,NA,NA,sp1,2,larva
B105,Hexapoda,Diptera,Culicidae,Culicinae,Wyeomyia,sp1,2,larva
B105,Hexapoda,Diptera,Ceratopogonidae,Forcipomyiinae,NA,sp1,2,larva
B105,Hexapoda,Diptera,Dolichopodidae,NA,NA,sp1,1,larva
B104,Hexapoda,Diptera,Ceratopogonidae,Forcipomyiinae,NA,sp4,8,larva
B104,Hexapoda,Diptera,Chironomidae,Chironominae,Polypedilum,sp1,17,larva
B104,Hexapoda,Coleoptera,Scirtidae,NA,NA,sp1,2,larva
B104,Ostracoda,Podocopa,NA,NA,NA,sp1,2,unknown
B104,Hexapoda,Diptera,Chironomidae,Chironominae,Polypedilum,sp2,7,larva
B104,Ostracoda,Podocopa,NA,NA,NA,sp1,32,unknown
B104,Hexapoda,Diptera,Ceratopogonidae,Forcipomyiinae,NA,sp1,6,larva
B104,Hexapoda,Diptera,Chironomidae,Tanypodinae,NA,sp1,6,larva
B104,Hexapoda,Diptera,Psychodidae,NA,NA,sp1,4,larva
B104,Hexapoda,Diptera,Culicidae,Anophelinae,Anopheles,homonculus,1,larva
B104,Hexapoda,Diptera,Chironomidae,Tanypodinae,NA,sp1,1,larva
B104,Hexapoda,Diptera,Culicidae,Culicinae,Wyeomyia,sp1,2,larva
B104,Hexapoda,NA,NA,NA,NA,sp1,1,larva
B102,Hexapoda,Diptera,Limoniidae,NA,NA,sp1,2,larva
B102,Hexapoda,Diptera,Chironomidae,Chironominae,Polypedilum,sp1,14,larva
B102,Hexapoda,Coleoptera,Scirtidae,NA,NA,sp1,3,larva
B102,Hexapoda,Diptera,Chironomidae,Chironominae,Polypedilum,sp2,7,larva
B102,Hexapoda,Diptera,Corethrellidae,NA,NA,sp1,1,larva
B102,Hexapoda,Diptera,Ceratopogonidae,Forcipomyiinae,NA,sp1,2,larva
B102,Hexapoda,Diptera,Ceratopogonidae,Forcipomyiinae,NA,sp4,1,larva
B102,Hexapoda,NA,NA,NA,NA,sp1,3,larva
B102,Hexapoda,Diptera,Culicidae,Culicinae,Wyeomyia,sp1,2,larva
B102,Ostracoda,Podocopa,NA,NA,NA,sp1,7,unknown
B102,Hexapoda,Diptera,Chironomidae,Tanypodinae,NA,sp1,1,larva
B102,Hexapoda,Diptera,Culicidae,Anophelinae,Anopheles,homonculus,1,larva
B101,Hexapoda,Coleoptera,Scirtidae,NA,NA,sp1,7,larva
B101,Ostracoda,Podocopa,NA,NA,NA,sp1,9,unknown
B101,Hexapoda,Diptera,Chironomidae,Chironominae,Polypedilum,sp2,11,larva
B101,Hexapoda,Diptera,Chironomidae,Chironominae,Polypedilum,sp1,28,larva
B101,Hexapoda,Diptera,Limoniidae,NA,NA,sp1,3,larva
B101,Hexapoda,Diptera,Psychodidae,NA,NA,sp1,1,larva
B101,Hexapoda,Diptera,Dolichopodidae,NA,NA,sp1,2,larva
B101,Hexapoda,NA,NA,NA,NA,sp1,1,larva
B101,Hexapoda,Diptera,Chironomidae,Tanypodinae,NA,sp1,1,larva
B101,Hexapoda,Diptera,Culicidae,Culicinae,Wyeomyia,sp1,2,larva
B101,Hexapoda,Diptera,Ceratopogonidae,Forcipomyiinae,NA,sp3,1,larva
B101,Clitellata,Oligochaeta,NA,NA,NA,sp1,1,unknown
B101,Clitellata,NA,NA,NA,NA,sp1,1,unknown
B103,Hexapoda,Diptera,Chironomidae,Chironominae,Polypedilum,sp1,18,larva
B103,Hexapoda,Diptera,Ceratopogonidae,Forcipomyiinae,NA,sp3,1,larva
B103,Hexapoda,Diptera,Dolichopodidae,NA,NA,sp1,1,larva
B103,Hexapoda,Diptera,Chironomidae,Tanypodinae,NA,sp1,6,larva
B103,Hexapoda,Diptera,Chironomidae,Chironominae,Polypedilum,sp2,3,larva
B103,Hexapoda,Coleoptera,Scirtidae,NA,NA,sp1,3,larva
B103,Hexapoda,Odonata,NA,NA,NA,sp1,1,larva
B103,Hexapoda,Diptera,Psychodidae,NA,NA,sp1,1,larva
B103,Ostracoda,Podocopa,NA,NA,NA,sp1,4,unknown
B96,Hexapoda,Diptera,Limoniidae,NA,NA,sp1,1,larva
B96,Hexapoda,Coleoptera,Scirtidae,NA,NA,sp1,5,larva
B96,Hexapoda,Diptera,Chironomidae,Chironominae,Polypedilum,sp1,11,larva
B96,Hexapoda,Diptera,Dolichopodidae,NA,NA,sp1,1,larva
B96,Ostracoda,Podocopa,NA,NA,NA,sp1,32,unknown
B96,Hexapoda,Diptera,Chironomidae,Chironominae,Polypedilum,sp2,3,larva
B100,Clitellata,Oligochaeta,NA,NA,NA,sp1,5,unknown
B100,Copepoda,Cladocera,NA,NA,NA,sp1,3,unknown
B100,Hexapoda,Coleoptera,Scirtidae,NA,NA,sp1,2,larva
B100,Hexapoda,Diptera,Culicidae,Culicinae,Wyeomyia,sp1,2,larva
B100,Hexapoda,Diptera,NA,NA,NA,sp1,1,larva
B100,Hexapoda,Diptera,Chironomidae,Tanypodinae,NA,sp1,1,larva
B100,Hexapoda,Diptera,Ceratopogonidae,Forcipomyiinae,NA,sp4,1,larva
B100,Ostracoda,Podocopa,NA,NA,NA,sp1,29,unknown
B100,Hexapoda,Diptera,Dolichopodidae,NA,NA,sp1,1,larva
B100,Hexapoda,Diptera,Chironomidae,Chironominae,Polypedilum,sp1,2,larva
B98,Hexapoda,Coleoptera,Scirtidae,NA,NA,sp1,15,larva
B98,Hexapoda,Diptera,Dolichopodidae,NA,NA,sp1,1,larva
B98,Copepoda,Cladocera,NA,NA,NA,sp1,2,unknown
B98,Hexapoda,Coleoptera,Dytiscidae,NA,NA,sp1,3,larva
B98,Ostracoda,Podocopa,NA,NA,NA,sp1,22,unknown
B98,Hexapoda,Diptera,Chironomidae,Chironominae,Polypedilum,sp2,1,larva
B95,Ostracoda,Podocopa,NA,NA,NA,sp1,56,unknown
B95,Hexapoda,Diptera,Limoniidae,NA,NA,sp1,16,larva
B95,Hexapoda,Diptera,Chironomidae,Chironominae,Polypedilum,sp2,1,larva
B95,Hexapoda,Diptera,Ceratopogonidae,Forcipomyiinae,NA,sp4,1,larva
B97,Hexapoda,Diptera,Chironomidae,Chironominae,Polypedilum,sp2,12,larva
B97,Ostracoda,Podocopa,NA,NA,NA,sp1,17,unknown
B97,Hexapoda,Diptera,Limoniidae,NA,NA,sp1,1,pupa
B97,Hexapoda,Diptera,Ceratopogonidae,Forcipomyiinae,NA,sp4,2,larva
B97,Hexapoda,Diptera,Chironomidae,Chironominae,Polypedilum,sp1,1,larva
B97,Hexapoda,Diptera,Ceratopogonidae,Forcipomyiinae,NA,sp1,2,larva
B99,Hexapoda,Coleoptera,Scirtidae,NA,NA,sp1,9,larva
B99,Ostracoda,Podocopa,NA,NA,NA,sp1,51,unknown
B99,Clitellata,Oligochaeta,NA,NA,NA,sp1,2,unknown
B99,Hexapoda,Diptera,Chironomidae,Chironominae,Polypedilum,sp2,1,larva
B99,Hexapoda,Diptera,Chironomidae,Chironominae,Polypedilum,sp1,3,larva
B99,Hexapoda,Diptera,Dolichopodidae,NA,NA,sp1,1,larva
B99,Hexapoda,Diptera,Chironomidae,Tanypodinae,NA,sp1,1,larva
B94,Clitellata,Oligochaeta,NA,NA,NA,sp1,15,unknown
B94,Hexapoda,Diptera,Limoniidae,NA,NA,sp1,9,larva
B94,Hexapoda,Diptera,Chironomidae,Tanypodinae,NA,sp1,9,larva
B94,Hexapoda,Diptera,Chironomidae,Chironominae,Polypedilum,sp1,13,larva
B94,Hexapoda,Coleoptera,Scirtidae,NA,NA,sp1,2,larva
B94,Clitellata,Haplotaxida,Enchytraeidae,NA,NA,sp1,1,unknown
B94,Hexapoda,Diptera,Chironomidae,Chironominae,Polypedilum,sp2,5,larva
B94,Ostracoda,Podocopa,NA,NA,NA,sp1,39,unknown
B94,Hexapoda,Coleoptera,Hydrophilidae,NA,NA,sp1,1,larva
B94,Clitellata,Crassiclitella,Acanthodrilidae,Benhamiinae,Dichogaster,andina,1,unknown
B94,Hexapoda,Diptera,Cecidomyiidae,NA,NA,sp1,1,larva
B94,Hexapoda,Diptera,Ceratopogonidae,Forcipomyiinae,NA,sp1,1,larva
B106,Hexapoda,NA,NA,NA,NA,sp1,1,larva
B106,Hexapoda,Odonata,NA,NA,NA,sp1,2,larva
B106,Clitellata,Oligochaeta,NA,NA,NA,sp1,36,unknown
B106,Hexapoda,Diptera,Chironomidae,Chironominae,Polypedilum,sp1,23,larva
B106,Hexapoda,Coleoptera,Scirtidae,NA,NA,sp1,13,larva
B106,Hexapoda,Diptera,Chironomidae,Tanypodinae,NA,sp1,9,larva
B106,Hexapoda,Diptera,Chironomidae,Chironominae,Polypedilum,sp2,8,larva
B106,Ostracoda,Podocopa,NA,NA,NA,sp1,16,unknown
B106,Hexapoda,Diptera,Chironomidae,Chironominae,Polypedilum,sp2,1,pupa
B106,Hexapoda,Diptera,Limoniidae,NA,NA,sp1,3,larva
B106,Hexapoda,Diptera,Culicidae,Culicinae,Wyeomyia,sp1,1,larva
B107,Hexapoda,Odonata,NA,NA,NA,sp1,1,larva
B107,Hexapoda,Diptera,Dolichopodidae,NA,NA,sp1,2,larva
B107,Hexapoda,Diptera,Ceratopogonidae,Forcipomyiinae,NA,sp4,3,larva
B107,Hexapoda,Diptera,Limoniidae,NA,NA,sp1,1,larva
B107,Hexapoda,Diptera,Chironomidae,Chironominae,Polypedilum,sp2,6,larva
B107,Hexapoda,Coleoptera,Scirtidae,NA,NA,sp1,1,larva
B107,Hexapoda,Diptera,Psychodidae,NA,NA,sp1,6,larva
B107,Hexapoda,Diptera,Chironomidae,Chironominae,Polypedilum,sp1,1,larva
B107,Hexapoda,Diptera,Chironomidae,Tanypodinae,NA,sp1,2,larva
B107,Ostracoda,Podocopa,NA,NA,NA,sp1,5,unknown
B107,Hexapoda,Diptera,NA,NA,NA,sp1,2,pupa
B117,Ostracoda,Podocopa,NA,NA,NA,sp1,261,unknown
B117,Hexapoda,Coleoptera,Scirtidae,NA,NA,sp1,7,larva
B117,Clitellata,Oligochaeta,NA,NA,NA,sp1,25,unknown
B117,Hexapoda,Diptera,Limoniidae,NA,NA,sp1,3,larva
B117,Hexapoda,Diptera,Ceratopogonidae,Ceratopogoninae,NA,sp1,3,larva
B117,Clitellata,Haplotaxida,Enchytraeidae,NA,NA,sp1,5,unknown
B117,Hexapoda,Diptera,Chironomidae,Chironominae,Polypedilum,sp1,3,larva
B117,Hexapoda,Diptera,Chironomidae,Tanypodinae,NA,sp1,1,larva
B117,Hexapoda,Coleoptera,Dytiscidae,NA,NA,sp1,6,larva
B116,Ostracoda,Podocopa,NA,NA,NA,sp1,274,unknown
B116,Clitellata,Oligochaeta,NA,NA,NA,sp1,45,unknown
B116,Hexapoda,Diptera,Limoniidae,NA,NA,sp1,15,larva
B116,Hexapoda,Diptera,Ceratopogonidae,Ceratopogoninae,NA,sp1,1,larva
B116,Clitellata,Haplotaxida,Enchytraeidae,NA,NA,sp1,2,unknown
B116,Hexapoda,Coleoptera,Scirtidae,NA,NA,sp1,3,larva
B116,Hexapoda,Coleoptera,Dytiscidae,NA,NA,sp1,1,larva
B116,Hexapoda,Diptera,Chironomidae,Chironominae,Polypedilum,sp1,5,larva
B116,Hexapoda,Diptera,Chironomidae,Tanypodinae,NA,sp1,1,larva
B116,Hexapoda,Diptera,Chironomidae,Chironominae,Polypedilum,sp2,2,larva
B116,Turbellaria,Tricladida,NA,NA,NA,sp1,1,unknown
B111,Ostracoda,Podocopa,NA,NA,NA,sp1,22,unknown
B111,Hexapoda,Diptera,Chironomidae,Chironominae,Polypedilum,sp1,43,larva
B111,Hexapoda,Coleoptera,Scirtidae,NA,NA,sp1,8,larva
B111,Hexapoda,Diptera,Limoniidae,NA,NA,sp1,5,larva
B111,Hexapoda,Diptera,Chironomidae,Tanypodinae,NA,sp1,2,larva
B111,Hexapoda,Diptera,Chironomidae,Chironominae,Polypedilum,sp2,1,larva
B113,Ostracoda,Podocopa,NA,NA,NA,sp1,62,unknown
B113,Hexapoda,Coleoptera,Dytiscidae,NA,NA,sp1,1,larva
B113,Hexapoda,Coleoptera,Scirtidae,NA,NA,sp1,16,larva
B113,Hexapoda,Diptera,Limoniidae,NA,NA,sp1,3,larva
B113,Hexapoda,Diptera,Chironomidae,Tanypodinae,NA,sp1,8,larva
B113,Hexapoda,Diptera,NA,NA,NA,sp1,9,larva
B113,Hexapoda,Diptera,Chironomidae,Chironominae,Polypedilum,sp1,8,larva
B113,Hexapoda,Diptera,Chironomidae,Chironominae,Polypedilum,sp2,2,larva
B113,Hexapoda,Diptera,NA,NA,NA,sp1,3,pupa
B113,Hexapoda,Diptera,Dolichopodidae,NA,NA,sp1,1,larva
B112,Ostracoda,Podocopa,NA,NA,NA,sp1,614,unknown
B112,Hexapoda,Diptera,Chironomidae,Chironominae,Polypedilum,sp1,67,larva
B112,Hexapoda,Coleoptera,Scirtidae,NA,NA,sp1,30,larva
B112,Hexapoda,Diptera,Limoniidae,NA,NA,sp1,2,larva
B112,Hexapoda,Coleoptera,Dytiscidae,NA,NA,sp1,3,larva
B112,Hexapoda,Diptera,Ceratopogonidae,Forcipomyiinae,NA,sp4,1,larva
B112,Hexapoda,Diptera,Chironomidae,Chironominae,Polypedilum,sp2,3,larva
B112,Hexapoda,Diptera,Psychodidae,NA,NA,sp1,1,larva
B112,Copepoda,Cladocera,NA,NA,NA,sp1,1,unknown
B108,Copepoda,Cladocera,NA,NA,NA,sp1,5,unknown
B108,Ostracoda,Podocopa,NA,NA,NA,sp1,16,unknown
B108,Hexapoda,Diptera,Limoniidae,NA,NA,sp1,10,larva
B108,Hexapoda,Diptera,Chironomidae,Chironominae,Polypedilum,sp2,3,larva
B108,Hexapoda,Diptera,Chironomidae,Chironominae,Polypedilum,sp1,22,larva
B108,Hexapoda,Coleoptera,Scirtidae,NA,NA,sp1,1,larva
B108,Hexapoda,Diptera,Culicidae,Culicinae,Wyeomyia,sp1,2,larva
B108,Hexapoda,Diptera,Culicidae,Culicinae,Toxorynchites,sp1,1,larva
B108,Clitellata,Crassiclitellata,NA,NA,NA,sp1,1,unknown
B115,Ostracoda,Podocopa,NA,NA,NA,sp1,5,unknown
B115,Hexapoda,Diptera,Dolichopodidae,NA,NA,sp1,1,larva
B115,Hexapoda,Coleoptera,Scirtidae,NA,NA,sp1,17,larva
B115,Hexapoda,Diptera,Limoniidae,NA,NA,sp1,9,larva
B115,Hexapoda,Diptera,Chironomidae,Chironominae,Polypedilum,sp2,5,larva
B115,Hexapoda,Diptera,Chironomidae,Chironominae,Polypedilum,sp1,8,larva
B115,Hexapoda,Diptera,Ceratopogonidae,Ceratopogoninae,NA,sp1,10,larva
B115,Clitellata,Haplotaxida,Enchytraeidae,NA,NA,sp1,1,unknown
B115,Hexapoda,Diptera,Psychodidae,NA,NA,sp1,1,larva
B115,Copepoda,Cladocera,NA,NA,NA,sp1,2,unknown
B110,Hexapoda,Diptera,Chironomidae,Chironominae,Polypedilum,sp2,3,larva
B110,Clitellata,Haplotaxida,Enchytraeidae,NA,NA,sp1,12,unknown
B110,Hexapoda,Diptera,Chironomidae,Chironominae,Polypedilum,sp1,19,larva
B110,Hexapoda,Diptera,Limoniidae,NA,NA,sp1,20,larva
B110,Ostracoda,Podocopa,NA,NA,NA,sp1,26,unknown
B110,Hexapoda,Diptera,Culicidae,Culicinae,Toxorynchites,sp1,2,larva
B110,Hexapoda,Coleoptera,Scirtidae,NA,NA,sp1,3,larva
B110,Copepoda,Cladocera,NA,NA,NA,sp1,1,unknown
B110,Hexapoda,Diptera,Corethrellidae,NA,NA,sp1,1,larva
B110,Hexapoda,Diptera,Culicidae,Culicinae,Wyeomyia,sp1,2,larva
B110,Hexapoda,Diptera,Ceratopogonidae,Ceratopogoninae,NA,sp1,1,larva
B109,Hexapoda,Diptera,Limoniidae,NA,NA,sp1,5,larva
B109,Hexapoda,Diptera,Chironomidae,Chironominae,Polypedilum,sp2,4,larva
B109,Hexapoda,Diptera,Chironomidae,Chironominae,Polypedilum,sp1,8,larva
B109,Hexapoda,Diptera,Ceratopogonidae,Forcipomyiinae,NA,sp4,5,larva
B109,Hexapoda,Coleoptera,Scirtidae,NA,NA,sp1,15,larva
B109,Clitellata,Haplotaxida,Enchytraeidae,NA,NA,sp1,1,unknown
B109,Ostracoda,Podocopa,NA,NA,NA,sp1,1,unknown
B109,Hexapoda,Diptera,Culicidae,Culicinae,Wyeomyia,sp1,2,larva
B109,Hexapoda,Diptera,Culicidae,Culicinae,Culiseta,sp2,2,larva
B109,Hexapoda,Diptera,Corethrellidae,NA,NA,sp1,1,larva
B109,Hexapoda,Diptera,Dolichopodidae,NA,NA,sp1,1,larva
B109,Hexapoda,Diptera,Culicidae,Culicinae,Wyeomyia,sp1,1,larva
B109,Copepoda,Cladocera,NA,NA,NA,sp1,1,unknown
B109,Hexapoda,Diptera,Chironomidae,Tanypodinae,NA,sp1,1,larva
B114,Hexapoda,Diptera,Chironomidae,Chironominae,Polypedilum,sp1,4,larva
B114,Hexapoda,Diptera,Ceratopogonidae,Forcipomyiinae,NA,sp4,1,larva
B114,Hexapoda,Diptera,Chironomidae,Tanypodinae,NA,sp1,7,larva
B114,Hexapoda,Diptera,Limoniidae,NA,NA,sp1,7,larva
B114,Ostracoda,Podocopa,NA,NA,NA,sp1,106,unknown
B114,Hexapoda,Diptera,Chironomidae,Chironominae,Polypedilum,sp2,5,larva
B114,Hexapoda,Coleoptera,Scirtidae,NA,NA,sp1,9,larva
B114,Hexapoda,Odonata,NA,NA,NA,sp1,2,larva
B114,Clitellata,Haplotaxida,Enchytraeidae,NA,NA,sp1,1,unknown
