bromeliad_id,Class,Order,Family,Subfamily,Genus,Species,n,
B,Hexapoda,Coleoptera,Scirtidae,,Scirtes,sp1,3,
B,Clitellata,Oligochaeta,,,,sp1,4,
B,Hexapoda,Diptera,Chironomidae,Chironominae,,sp1,1,
B,Hexapoda,,,,,mystery_28,2,
B,Hexapoda,Coleoptera,Dytiscidae,,,sp1,1,
B1,Hexapoda,Coleoptera,Scirtidae,,Scirtes,sp1,17,
B1,Hexapoda,Diptera,Chironomidae,Chironominae,Polypedilum,sp1,19,
B1,Hexapoda,Diptera,Ceratopogonidae,Forcipomyiinae,,sp1,1,
B1,Hexapoda,Diptera,Chironomidae,Chironominae,,sp1,1,
B1,Hexapoda,,,,,mystery_1,1,
B2,Hexapoda,,,,,mystery_28,1,
B2,Hexapoda,Coleoptera,Scirtidae,,Scirtes,sp1,12,
B2,Hexapoda,Diptera,Chironomidae,Chironominae,Polypedilum,sp1,7,
B2,Hexapoda,Diptera,,,,mystery_2,1,
B2,Hexapoda,Diptera,Chironomidae,Chironominae,,sp3,3,
B2,Hexapoda,Diptera,Tipulidae,,,sp1,5,
B2,Hexapoda,Odonata,,,,sp1,1,
B2,Hexapoda,,,,,mystery_29,1,
B2,Hexapoda,Diptera,Chironomidae,Tanypodinae,,sp1,1,
B2,Hexapoda,Coleoptera,Dytiscidae,,,larva1,3,
B2,Crustacea,Ostracoda,,,,sp1,6,
B2,Hexapoda,Coleoptera,Dytiscidae,,,sp1,1,
B2,Hexapoda,Diptera,Psychodidae,,,sp1,1,
B5,Hexapoda,Diptera,Tipulidae,,,sp1,15,
B5,Hexapoda,Diptera,Chironomidae,Chironominae,Polypedilum,sp1,18,
B5,Hexapoda,Odonata,,,,sp1,2,
B5,Hexapoda,Diptera,Tipulidae,,,pupa,1,
B5,Hexapoda,Coleoptera,Dytiscidae,,,larva1,1,
B6,Hexapoda,Coleoptera,Scirtidae,,Scirtes,sp1,31,
B6,Hexapoda,Diptera,Chironomidae,Chironominae,Polypedilum,sp1,11,
B6,Hexapoda,Diptera,Chironomidae,Tanypodinae,,sp1,2,
B6,Hexapoda,Odonata,,,,sp1,1,
B6,Hexapoda,Diptera,Psychodidae,,,sp1,1,
B6,Hexapoda,Coleoptera,Hydrophilidae,,,sp1,1,
B6,Hexapoda,Diptera,Chironomidae,Chironominae,,sp1,1,
B6,Clitellata,Oligochaeta,,,,sp1,1,
B7,Hexapoda,Diptera,Tipulidae,,,sp1,2,
B7,Clitellata,Oligochaeta,,,,sp1,2,
B7,Hexapoda,Coleoptera,Scirtidae,,Scirtes,sp1,1,
B4,Hexapoda,Diptera,Tipulidae,,,sp1,6,
B4,Hexapoda,Diptera,Chironomidae,Chironominae,Polypedilum,sp1,8,
B4,Hexapoda,Coleoptera,Dytiscidae,,,larva1,1,
B4,Hexapoda,Coleoptera,Scirtidae,,Scirtes,sp1,2,
B4,Hexapoda,Diptera,Chironomidae,Chironominae,,sp1,1,
B4,Hexapoda,Coleoptera,Curculionidae,,,sp1,1,
A,Hexapoda,Coleoptera,Scirtidae,,Scirtes,sp1,2,
A,Hexapoda,Diptera,Chironomidae,Chironominae,Polypedilum,sp1,3,
A,Hexapoda,Diptera,Chironomidae,,,sp1,1,busted
D,Hexapoda,Diptera,Tipulidae,,,sp1,12,
D,Hexapoda,Diptera,Chironomidae,Chironominae,,sp1,1,
D,Hexapoda,Coleoptera,Scirtidae,,Scirtes,sp1,1,
D,Hexapoda,Diptera,Culicidae,Culicinae,Wyeomyia,sp2,1,
C,Hexapoda,Coleoptera,Scirtidae,,Scirtes,sp1,4,
C,Hexapoda,Diptera,Ceratopogonidae,Ceratopogoninae,,sp1,2,
C,Clitellata,Oligochaeta,,,,sp1,2,
C,Hexapoda,Diptera,Tipulidae,,,sp1,5,
C,Hexapoda,Diptera,Chironomidae,Chironominae,Polypedilum,sp1,1,
C,Hexapoda,Diptera,Chironomidae,Chironominae,,sp1,4,
C,Crustacea,Ostracoda,,,,sp1,1,
B3,Hexapoda,Coleoptera,Scirtidae,,Scirtes,sp1,3,
B3,Hexapoda,Diptera,Chironomidae,Chironominae,Polypedilum,sp1,10,
B3,Clitellata,Oligochaeta,,,,sp1,2,
B3,Hexapoda,Diptera,Tipulidae,,,sp1,1,
B3,Hexapoda,Diptera,Chironomidae,Tanypodinae,,sp1,1,
B3,Hexapoda,Diptera,Chironomidae,Chironominae,,sp1,1,
B3,Hexapoda,Coleoptera,Dytiscidae,,,larva1,1,
E,Hexapoda,Diptera,Chironomidae,Chironominae,Polypedilum,sp1,8,
E,Hexapoda,Diptera,Tipulidae,,,sp1,4,
E,Hexapoda,Coleoptera,Scirtidae,,Scirtes,sp1,3,
E,Hexapoda,Coleoptera,Dytiscidae,,,larva1,1,
B17,Clitellata,Oligochaeta,,,,sp2,1,earthworm
B17,Hexapoda,Diptera,Chironomidae,Chironominae,Polypedilum,sp1,57,
B17,Crustacea,Ostracoda,,,,sp1,10,
B17,Hexapoda,Diptera,Tipulidae,,,sp1,5,
B17,Clitellata,Oligochaeta,,,,sp1,3,
B17,Hexapoda,Coleoptera,Dytiscidae,,,larva1,3,
B17,Hexapoda,Diptera,Tipulidae,,,pupa,1,
B17,Hexapoda,Coleoptera,Scirtidae,,Scirtes,sp1,3,
B17,Hexapoda,Diptera,Dolichopodidae,,,sp1,2,
B17,Hexapoda,Diptera,Chironomidae,Chironominae,,sp1,3,
B13,Hexapoda,Coleoptera,Dytiscidae,,,sp1,1,escaped somehwo
B13,Hexapoda,Diptera,Tipulidae,,,sp1,1,
B13,Hexapoda,Diptera,Chironomidae,Chironominae,,sp1,1,
B13,Hexapoda,Coleoptera,Scirtidae,,Scirtes,sp1,8,
B13,Crustacea,Ostracoda,,,,sp1,3,
B13,Hexapoda,Diptera,Chironomidae,Chironominae,Polypedilum,sp1,1,
B12,Hexapoda,Coleoptera,Scirtidae,,Scirtes,sp1,4,
B12,Hexapoda,Diptera,Tipulidae,,,sp1,2,
B12,Crustacea,Ostracoda,,,,sp1,1,
B12,Clitellata,Oligochaeta,,,,sp1,1,
B12,Hexapoda,Diptera,Culicidae,Culicinae,Wyeomyia,sp2,1,
B18,Clitellata,Oligochaeta,,,,sp1,17,
B18,Crustacea,,,,,mystery_4,3,
B18,Hexapoda,Diptera,Chironomidae,Chironominae,Polypedilum,sp1,2,
B18,Hexapoda,Coleoptera,Scirtidae,,Scirtes,sp1,1,
B18,Crustacea,Ostracoda,,,,sp1,2,
B18,Crustacea,,,,,mystery_6,1,
B10,Hexapoda,Diptera,Tipulidae,,,sp1,3,
B10,Clitellata,Oligochaeta,,,,sp1,10,
B10,Crustacea,Ostracoda,,,,sp1,7,
B10,Crustacea,,,,,mystery_4,2,
B10,Hexapoda,Coleoptera,Scirtidae,,Scirtes,sp1,2,
B10,Hexapoda,Diptera,Chironomidae,Chironominae,Polypedilum,sp1,3,
B10,Hexapoda,Coleoptera,Dytiscidae,,,larva1,2,
B15,Hexapoda,Coleoptera,Scirtidae,,Scirtes,sp1,5,
B15,Hexapoda,Coleoptera,Dytiscidae,,,sp1,1,
B15,Hexapoda,Diptera,Tipulidae,,,sp1,4,
B15,Hexapoda,Diptera,Chironomidae,Chironominae,Polypedilum,sp1,10,
B15,Clitellata,Oligochaeta,,,,sp1,3,
B15,Hexapoda,Diptera,Chironomidae,Chironominae,,sp1,3,
B15,Crustacea,Ostracoda,,,,sp1,1,
B14,Hexapoda,Diptera,Tipulidae,,,sp1,8,
B14,Hexapoda,Diptera,Chironomidae,Chironominae,Polypedilum,sp1,8,
B14,Clitellata,Oligochaeta,,,,sp1,5,
B14,Hexapoda,Coleoptera,Scirtidae,,Scirtes,sp1,7,
B14,Hexapoda,Diptera,Dolichopodidae,,,sp1,2,
B14,Hexapoda,,,,,mystery_7,1,
B11,Hexapoda,Coleoptera,Scirtidae,,Scirtes,sp1,8,
B11,Hexapoda,Diptera,Chironomidae,Tanypodinae,,sp1,2,
B11,Hexapoda,Diptera,Chironomidae,Chironominae,,sp1,1,
B11,Hexapoda,Diptera,Corethrellidae,,,sp1,1,
B11,Hexapoda,Coleoptera,Dytiscidae,,,larva1,1,
B11,Clitellata,Oligochaeta,,,,sp1,3,
B11,Hexapoda,Diptera,Tipulidae,,,sp1,2,
B11,Crustacea,Ostracoda,,,,sp1,1,
B16,Hexapoda,Coleoptera,Scirtidae,,Scirtes,sp1,3,
B16,Clitellata,Oligochaeta,,,,sp1,7,
B16,Hexapoda,Diptera,Tipulidae,,,sp1,8,
B16,Hexapoda,Diptera,Chironomidae,Chironominae,,sp1,3,
B16,Hexapoda,Diptera,Chironomidae,Chironominae,Polypedilum,sp1,12,
B16,Hexapoda,Diptera,,,,pupa_1,1,culi or chiro
B16,Hexapoda,Diptera,Culicidae,Culicinae,Wyeomyia,sp2,2,
B16,Crustacea,Ostracoda,,,,sp1,1,
B20,Hexapoda,Diptera,Psychodidae,,,sp1,3,
B20,Hexapoda,Diptera,Chironomidae,Tanypodinae,,sp1,4,
B20,Hexapoda,Diptera,Chironomidae,Chironominae,,sp1,5,
B20,Hexapoda,Diptera,Tipulidae,,,sp1,6,
B20,Clitellata,Oligochaeta,,,,sp1,2,
B20,Hexapoda,,,,,mystery_8,3,
B21,Hexapoda,,,,,mystery_28,1,
B21,Hexapoda,,,,,mystery_2,1,
B21,Clitellata,Oligochaeta,,,,sp2,6,
B21,Hexapoda,Diptera,Tipulidae,,,sp1,7,
B21,Crustacea,Ostracoda,,,,sp1,1,
B21,Hexapoda,Diptera,Syrphidae,,,sp1,1,
B21,Hexapoda,Diptera,Chironomidae,Chironominae,,sp1,5,
B21,Hexapoda,,,,,mystery_9,2,
B21,Crustacea,Ostracoda,,,,sp1,11,
B21,Hexapoda,Lepidoptera,,,,mystery_10,1,
B21,Crustacea,,,,,mystery_4,1,
B21,Hexapoda,Diptera,Culicidae,Culicinae,Wyeomyia,sp2,1,
B21,Hexapoda,Diptera,Chironomidae,Tanypodinae,,sp1,1,
B27,,Tricladida,Geoplanidae,,,sp1,1,
B27,Hexapoda,Diptera,Tipulidae,,,sp1,10,
B27,Crustacea,Ostracoda,,,,sp1,26,
B27,Hexapoda,,,,,mystery_12,1,
B27,Hexapoda,Diptera,Chironomidae,Chironominae,,sp1,1,
B27,Hexapoda,Coleoptera,Scirtidae,,Scirtes,sp1,1,
B28,Hexapoda,Diptera,Tipulidae,,,sp1,1,
B28,Crustacea,Ostracoda,,,,sp1,3,
B28,Hexapoda,Coleoptera,Scirtidae,,Scirtes,sp1,2,
B29,Hexapoda,Odonata,,,,sp1,1,
B29,Hexapoda,Diptera,Tipulidae,,,sp1,5,
B29,Hexapoda,Diptera,Chironomidae,Tanypodinae,,sp1,2,
B29,Clitellata,Oligochaeta,,,,sp1,2,
B29,Hexapoda,Diptera,Dolichopodidae,,,sp1,1,
B29,Hexapoda,Coleoptera,Scirtidae,,Scirtes,sp1,2,
B29,Hexapoda,Diptera,Chironomidae,Chironominae,,sp1,2,
B29,Hexapoda,,,,,mystery_7,1,
B29,Crustacea,Ostracoda,,,,sp1,3,
B29,Hexapoda,,,,,mystery_13,2,
B26,Hexapoda,Diptera,Chironomidae,Chironominae,Polypedilum,sp1,10,
B26,Hexapoda,Diptera,Psychodidae,,,sp1,1,
B26,Hexapoda,Diptera,Culicidae,Culicinae,Wyeomyia,sp2,13,
B26,Hexapoda,Diptera,Chironomidae,Chironominae,,sp1,5,
B26,Crustacea,Ostracoda,,,,sp1,8,
B26,Hexapoda,Diptera,Culicidae,Anophelinae,Anopheles,sp1,1,
B26,Hexapoda,,,,,mystery_7,1,
B26,Hexapoda,Diptera,Culicidae,,,pupa_1,1,
B26,Hexapoda,Diptera,Tipulidae,,,sp1,1,
B26,Hexapoda,Coleoptera,Scirtidae,,Scirtes,sp1,1,
B25,Hexapoda,Diptera,Tipulidae,,,sp1,16,
B25,Crustacea,Ostracoda,,,,sp1,38,
B25,Hexapoda,Diptera,Chironomidae,Tanypodinae,,sp1,1,
B25,Hexapoda,,,,,mystery_7,1,
B24,Clitellata,Oligochaeta,,,,sp3,11,chunkier sp1
B24,Clitellata,Oligochaeta,,,,sp2,1,
B24,Clitellata,Oligochaeta,,,,sp1,2,
B24,Hexapoda,,,,,mystery_14,1,mystery14 is terrestrial
B24,Crustacea,Ostracoda,,,,sp1,2,
B24,Hexapoda,,,,,mystery_15,1,
B24,Hexapoda,,,,,mystery_16,1,
B23,Hexapoda,Diptera,Tipulidae,,,sp1,3,
B23,Clitellata,Oligochaeta,,,,sp1,4,
B23,Hexapoda,Diptera,Chironomidae,Chironominae,Polypedilum,sp1,10,
B23,Hexapoda,Diptera,Chironomidae,Chironominae,,sp1,3,
B23,Hexapoda,Coleoptera,Scirtidae,,Scirtes,sp1,1,
B23,Crustacea,Ostracoda,,,,sp1,1,
B23,Clitellata,Oligochaeta,,,,sp2,2,
B23,Hexapoda,Diptera,Chironomidae,Tanypodinae,,sp1,1,
B23,Hexapoda,Diptera,Ceratopogonidae,Forcipomyiinae,,sp1,2,
B23,Hexapoda,Diptera,Dolichopodidae,,,sp1,1,
B23,Hexapoda,Diptera,Chironomidae,Chironominae,,pupa,1,
B22,Clitellata,Oligochaeta,,,,sp2,4,
B22,Clitellata,Oligochaeta,,,,sp3,1,
B22,Hexapoda,Diptera,Chironomidae,Chironominae,Polypedilum,sp1,20,
B22,Hexapoda,Diptera,Tipulidae,,,sp1,1,
B22,Hexapoda,Diptera,Chironomidae,Tanypodinae,,sp1,6,
B22,Hexapoda,Diptera,Chironomidae,Chironominae,,sp1,7,
B22,Hexapoda,,,,,mystery_17,1,
B22,Hexapoda,Odonata,,,,sp1,1,
B22,Gasteropoda,,,,,sp1,2,
B22,Hexapoda,Odonata,,,,sp2,1,dragonfly
B22,Hexapoda,,,,,mystery_29,1,
B22,Hexapoda,,,,,mystery_15,1,
B43,Hexapoda,Coleoptera,Scirtidae,,Scirtes,sp1,14,
B43,Hexapoda,Diptera,Tipulidae,,,sp1,7,
B43,Crustacea,Ostracoda,,,,sp1,1,
B43,Hexapoda,Diptera,Culicidae,Culicinae,Wyeomyia,sp1,1,
B47,Hexapoda,Coleoptera,Scirtidae,,Scirtes,sp1,5,
B47,Hexapoda,Diptera,Tipulidae,,,sp1,2,
B47,Crustacea,Ostracoda,,,,sp1,16,
B47,Clitellata,Oligochaeta,,,,sp1,1,
B47,Hexapoda,Diptera,Chironomidae,Chironominae,,sp1,3,
B47,Hexapoda,Diptera,Culicidae,Culicinae,Wyeomyia,sp1,1,
B42,Hexapoda,Coleoptera,Scirtidae,,Scirtes,sp1,14,
B42,Hexapoda,Diptera,Tipulidae,,,sp1,7,
B42,Hexapoda,Diptera,Chironomidae,Chironominae,,sp1,36,
B42,Hexapoda,Diptera,Ceratopogonidae,Forcipomyiinae,,sp2,2,
B42,Hexapoda,Diptera,Dolichopodidae,,,sp1,3,
B42,Hexapoda,Diptera,Chironomidae,Chironominae,Polypedilum,sp1,6,
B42,Hexapoda,,,,,mystery_19,1,
B42,Hexapoda,,,,,mystery_20,1,
B42,Hexapoda,Odonata,,,,sp1,1,
B42,Hexapoda,Diptera,Chironomidae,Tanypodinae,,sp1,2,
B42,Hexapoda,,,,,mystery_21,1,
B49,Hexapoda,Diptera,Chironomidae,Chironominae,Polypedilum,sp1,2,
B49,Hexapoda,Coleoptera,Scirtidae,,Scirtes,sp1,2,
B49,Hexapoda,Diptera,,,,mystery_22,1,
B49,Hexapoda,,,,,mystery_7,2,
B49,Hexapoda,Diptera,Tipulidae,,,sp1,1,
B45,Hexapoda,Diptera,Tipulidae,,,sp1,3,
B45,Hexapoda,Diptera,Dolichopodidae,,,sp1,1,
B45,Hexapoda,Coleoptera,Scirtidae,,Scirtes,sp1,1,
B45,Hexapoda,,,,,mystery_7,1,
B45,Clitellata,Oligochaeta,,,,sp1,1,
B45,Hexapoda,Diptera,Ceratopogonidae,Forcipomyiinae,,sp3,1,
B45,Hexapoda,Diptera,Ceratopogonidae,Ceratopogoninae,,sp2,4,
B48,Hexapoda,Diptera,Tipulidae,,,sp1,1,
B48,Hexapoda,Coleoptera,Scirtidae,,Scirtes,sp1,2,
B44,Hexapoda,Coleoptera,Scirtidae,,Scirtes,sp1,2,
B44,Hexapoda,Diptera,Tipulidae,,,sp1,4,
B44,Hexapoda,Diptera,Chironomidae,Chironominae,Polypedilum,sp1,3,
B44,Hexapoda,Diptera,Culicidae,Culicinae,Wyeomyia,sp1,1,
B44,Hexapoda,Diptera,Chironomidae,Chironominae,,sp1,3,
B44,Hexapoda,Coleoptera,Hydrophilidae,,,sp1,1,
B44,Hexapoda,,,,,mystery_7,1,
B44,Clitellata,Oligochaeta,,,,sp1,2,
B44,Hexapoda,,,,,mystery_25,1,
B46,Clitellata,Oligochaeta,,,,sp2,3,mixed 46 and 44 vials
B46,Hexapoda,Diptera,Tipulidae,,,sp1,12,
B46,Hexapoda,Diptera,Chironomidae,Chironominae,Polypedilum,sp1,1,
B46,Hexapoda,Diptera,Chironomidae,Chironominae,,sp1,1,
B46,Hexapoda,,,,,mystery_2,1,
B46,Crustacea,Ostracoda,,,,sp1,20,
B46,Hexapoda,Coleoptera,Scirtidae,,Scirtes,sp1,2,
B46,Hexapoda,,,,,mystery_7,2,
B41,Hexapoda,Coleoptera,Scirtidae,,Scirtes,sp1,10,
B41,Hexapoda,Diptera,Chironomidae,Tanypodinae,,sp1,1,
B41,Clitellata,Oligochaeta,,,,sp1,1,
B41,Hexapoda,Diptera,Chironomidae,Chironominae,Polypedilum,sp1,6,
B41,Hexapoda,Diptera,Chironomidae,Chironominae,,sp1,4,
B41,Hexapoda,Diptera,Tipulidae,,,sp1,2,
B41,Hexapoda,Diptera,Culicidae,Culicinae,Wyeomyia,sp1,1,
B35,Crustacea,Ostracoda,,,,sp1,74,
B35,Clitellata,Oligochaeta,,,,sp3,1,
B35,Hexapoda,Diptera,Tipulidae,,,sp1,6,
B35,Hexapoda,Diptera,Chironomidae,Chironominae,Polypedilum,sp1,2,
B35,Clitellata,Oligochaeta,,,,sp1,1,
B35,Hexapoda,Diptera,Ceratopogonidae,Ceratopogoninae,,sp1,1,
B35,,,,,,mystery_17,1,
B35,Hexapoda,,,,,mystery_7,1,
B35,Hexapoda,Diptera,Chironomidae,Chironominae,,sp1,1,
5,Crustacea,,,,,mystery_4,1,escaped
B38,Hexapoda,Coleoptera,Scirtidae,,Scirtes,sp1,14,
B38,Hexapoda,Diptera,Chironomidae,Chironominae,Polypedilum,sp1,1,
B38,Hexapoda,Diptera,Tipulidae,,,sp1,2,
B38,Hexapoda,Diptera,Chironomidae,Chironominae,,sp1,112,
B38,Crustacea,Ostracoda,,,,sp1,12,
B38,Hexapoda,Diptera,Chironomidae,Tanypodinae,,sp1,4,
B38,Hexapoda,,,,,mystery_7,9,
B38,Hexapoda,Diptera,Culicidae,Anophelinae,Anopheles,sp1,5,
B38,Hexapoda,Diptera,Culicidae,Culicinae,Wyeomyia,sp1,3,
B38,Hexapoda,Diptera,Culicidae,Culicinae,Wyeomyia,sp3,1,
B38,Hexapoda,Diptera,Culicidae,Culicinae,Wyeomyia,sp2,12,
B38,Hexapoda,Diptera,Psychodidae,,,sp1,4,
B38,Clitellata,Oligochaeta,,,,sp1,2,
B38,Hexapoda,Diptera,Corethrellidae,,,sp1,4,
B38,Hexapoda,Diptera,Ceratopogonidae,Forcipomyiinae,,sp2,3,
B38,Hexapoda,Diptera,Dolichopodidae,,,sp1,2,
B38,Hexapoda,,,,,mystery_13,1,
B38,Clitellata,Oligochaeta,,,,sp2,1,
B38,Hexapoda,,,,,mystery_29,1,
B38,Hexapoda,Diptera,Ceratopogonidae,Ceratopogoninae,,sp2,1,
B40,Crustacea,,,,,mystery_4,1,escaped
B40,Hexapoda,Diptera,Tipulidae,,,sp1,15,
B40,Hexapoda,Diptera,Chironomidae,Chironominae,,sp1,51,
B40,Hexapoda,Coleoptera,Scirtidae,,Scirtes,sp1,18,
B40,Hexapoda,Diptera,Culicidae,Culicinae,Wyeomyia,sp2,2,
B40,Hexapoda,Diptera,Dolichopodidae,,,sp1,1,
B40,Crustacea,Ostracoda,,,,sp1,1,
B40,Hexapoda,Diptera,Chironomidae,Tanypodinae,,sp1,1,
B31,Clitellata,Oligochaeta,,,,sp3,1,
B31,Hexapoda,Coleoptera,Scirtidae,,Scirtes,sp1,8,
B31,Hexapoda,Diptera,Chironomidae,Chironominae,,sp1,14,
B31,Crustacea,Ostracoda,,,,sp1,3,
B31,Hexapoda,Diptera,Culicidae,Culicinae,Wyeomyia,sp2,1,
B31,Clitellata,Oligochaeta,,,,sp1,1,
B33,Hexapoda,Coleoptera,Scirtidae,,Scirtes,sp1,2,
B33,Hexapoda,Diptera,Tipulidae,,,sp1,7,
B33,Hexapoda,Diptera,Chironomidae,Tanypodinae,,sp1,1,
B33,Hexapoda,Diptera,Chironomidae,Chironominae,,sp1,2,
B33,Crustacea,Ostracoda,,,,sp1,3,
B32,Hexapoda,Diptera,Tipulidae,,,sp1,5,
B32,Hexapoda,Diptera,Culicidae,Culicinae,Wyeomyia,sp1,1,"thin breating tube, eg wabela in picture guide"
B32,Hexapoda,Diptera,Chironomidae,Chironominae,,sp1,3,
B32,Hexapoda,Diptera,Culicidae,Culicinae,Wyeomyia,sp2,1,"thick breathing tube, eg Wmelanopus in picutr guide"
B32,Hexapoda,Diptera,Tipulidae,,,pupa,1,
B39,Hexapoda,Diptera,Tipulidae,,,sp1,2,
B39,Hexapoda,Diptera,Chironomidae,Chironominae,,sp1,7,
B39,Hexapoda,Diptera,Chironomidae,Tanypodinae,,sp1,1,
B39,Hexapoda,Diptera,Culicidae,Culicinae,Wyeomyia,sp1,1,
B39,Hexapoda,Coleoptera,Scirtidae,,Scirtes,sp1,2,
B37,Hexapoda,Coleoptera,Scirtidae,,Scirtes,sp1,15,
B37,Hexapoda,Diptera,Chironomidae,Chironominae,,sp1,22,
B37,Hexapoda,,,,,mystery_7,1,
B37,Hexapoda,Diptera,Culicidae,Culicinae,Wyeomyia,sp2,3,
B37,Hexapoda,Diptera,Tipulidae,,,sp1,1,
B34,Hexapoda,Coleoptera,Scirtidae,,Scirtes,sp1,6,
B34,Hexapoda,Diptera,Tipulidae,,,sp1,3,
B34,Hexapoda,Diptera,Culicidae,Anophelinae,Anopheles,sp1,1,
B34,Hexapoda,Diptera,Chironomidae,Chironominae,,sp1,8,
B34,Hexapoda,,,,,mystery_27,1,
B34,Hexapoda,Diptera,Chironomidae,Chironominae,,sp1,1,
B34,Crustacea,Ostracoda,,,,sp1,1,
B36,Hexapoda,Coleoptera,Scirtidae,,Scirtes,sp1,3,
B36,Clitellata,Oligochaeta,,,,sp1,1,
B36,Hexapoda,Diptera,Culicidae,Culicinae,Wyeomyia,sp2,1,
B36,Crustacea,Ostracoda,,,,sp1,1,
B36,Hexapoda,Diptera,Dolichopodidae,,,sp1,1,
B30,Crustacea,Ostracoda,,,,sp1,71,
B30,Hexapoda,Diptera,Chironomidae,Chironominae,,sp1,56,
B30,Hexapoda,Coleoptera,Scirtidae,,Scirtes,sp1,5,
B30,Hexapoda,Diptera,Culicidae,Culicinae,Wyeomyia,sp2,1,
B30,Hexapoda,Diptera,Ceratopogonidae,Forcipomyiinae,,sp1,3,
B30,Hexapoda,Diptera,Psychodidae,,,sp2,1,not as hairy as sp1
B30,Hexapoda,Diptera,Tipulidae,,,sp1,1,
B30,Hexapoda,,,,,mystery_7,1,
B30,Hexapoda,Diptera,Chironomidae,Tanypodinae,,sp1,1,
T3,Hexapoda,Odonata,,,,sp1,1,
T3,Hexapoda,Diptera,Culicidae,Culicinae,Toxorynchites,sp1,1,thick siphon dark brown
T3,Hexapoda,Diptera,Tipulidae,,,sp1,7,
T3,Clitellata,Oligochaeta,,,,sp1,4,
T3,Hexapoda,Diptera,Culicidae,Culicinae,Wyeomyia,sp1,2,
T3,Hexapoda,Diptera,Culicidae,Culicinae,Wyeomyia,sp2,2,
T3,Hexapoda,Coleoptera,Scirtidae,,Scirtes,sp1,3,
T3,Crustacea,Ostracoda,,,,sp1,1,
T3,Hexapoda,Diptera,Chironomidae,Chironominae,,sp1,3,
B51,Hexapoda,Diptera,Culicidae,Culicinae,Toxorynchites,sp1,1,
B51,Hexapoda,Odonata,,,,sp1,1,
B50,Hexapoda,Coleoptera,Scirtidae,,Scirtes,sp1,1,
B50,Hexapoda,Diptera,Chironomidae,Chironominae,,sp1,1,
B50,Crustacea,Ostracoda,,,,sp1,1,
B51,Hexapoda,Diptera,Culicidae,Culicinae,Wyeomyia,sp2,3,
B51,Hexapoda,Diptera,Culicidae,Culicinae,,pupa1,2,
B51,Hexapoda,Diptera,Chironomidae,Chironominae,,sp1,2,
B51,Clitellata,Oligochaeta,,,,sp1,6,
B51,Hexapoda,Coleoptera,Scirtidae,,Scirtes,sp1,10,
B51,Hexapoda,Diptera,Tipulidae,,,sp1,7,
B52,Hexapoda,Diptera,Culicidae,Culicinae,Wyeomyia,sp2,6,
B52,Hexapoda,Coleoptera,Scirtidae,,Scirtes,sp1,2,
B52,Hexapoda,Diptera,Tipulidae,,,sp1,3,
B54,Hexapoda,Diptera,Tipulidae,,,sp1,3,
B54,Clitellata,Oligochaeta,,,,sp4,1,"red, very long and thin"
B54,Hexapoda,,,,,mystery_20,1,
B54,Clitellata,Oligochaeta,,,,sp1,1,
B54,Clitellata,Oligochaeta,,,,sp2,3,
B54,Clitellata,Oligochaeta,,,,sp3,1,
B54,,Tricladida,Geoplanidae,,,sp1,1,
B55,Hexapoda,Diptera,Tipulidae,,,sp1,7,
B55,Clitellata,Oligochaeta,,,,sp2,1,
B55,Clitellata,Oligochaeta,,,,sp4,2,
B56,Hexapoda,Diptera,Tipulidae,,,sp1,2,
B57,Hexapoda,Diptera,Tipulidae,,,sp1,8,
B57,Hexapoda,Coleoptera,Scirtidae,,Scirtes,sp1,9,
B57,Hexapoda,Diptera,Chironomidae,Chironominae,,sp1,2,
B57,Hexapoda,Diptera,Chironomidae,Chironominae,Polypedilum,sp1,4,
B53,Hexapoda,Diptera,Culicidae,Culicinae,Toxorynchites,sp1,2,
B53,Hexapoda,Diptera,Tipulidae,,,sp1,26,
B53,Hexapoda,Diptera,Culicidae,Culicinae,Wyeomyia,sp1,10,
B53,Clitellata,Oligochaeta,,,,sp4,50,
B53,Clitellata,Oligochaeta,,,,sp1,13,
B53,Clitellata,Oligochaeta,,,,sp3,3,
B53,Hexapoda,Diptera,Culicidae,,Wyeomyia,sp3,2,
B53,Hexapoda,Diptera,Culicidae,Culicinae,Wyeomyia,sp2,1,
B53,Hexapoda,Diptera,Chironomidae,Tanypodinae,,sp1,1,
B53,Clitellata,Oligochaeta,,,,sp2,2,
B53,Hexapoda,,,,,mystery_8,1,
B53,Hexapoda,,,,,mystery_20,1,
B53,Crustacea,Ostracoda,,,,sp1,4,
B58,Hexapoda,Odonata,,,,sp1,1,
B58,Hexapoda,Coleoptera,Scirtidae,,Scirtes,sp1,39,5 dead
B58,Hexapoda,Diptera,Tipulidae,,,sp1,17,5 dead
B58,Hexapoda,Diptera,Tipulidae,,,pupa1,1,
B58,Crustacea,Ostracoda,,,,sp1,1,
B58,Hexapoda,Diptera,Culicidae,Culicinae,Wyeomyia,sp1,3,2 dead
B58,Hexapoda,Diptera,Culicidae,Culicinae,Wyeomyia,sp2,1,1 dead
B58,Hexapoda,Diptera,Chironomidae,Chironominae,Polypedilum,sp1,9,
B58,Hexapoda,,,,,mystery_12,2,2 dead
B58,Clitellata,Oligochaeta,,,,sp2,1,
B58,Clitellata,Oligochaeta,,,,sp1,3,
B58,Hexapoda,,,,,mystery_7,2,
B58,Hexapoda,Diptera,Chironomidae,Chironominae,,sp1,1,1 dead
B58,Hexapoda,Diptera,Dolichopodidae,,,sp1,1,
B58,Clitellata,Oligochaeta,,,,sp4,8,
B61,Hexapoda,Diptera,Tipulidae,,,sp1,5,
B61,Crustacea,Ostracoda,,,,sp1,2,
B61,Clitellata,Oligochaeta,,,,sp1,2,
B60,Hexapoda,Coleoptera,Scirtidae,,Scirtes,sp1,5,
B60,Hexapoda,Diptera,Tipulidae,,,sp1,7,1 dead
B60,Crustacea,Ostracoda,,,,sp1,1,
B60,Hexapoda,Diptera,Culicidae,Culicinae,Wyeomyia,sp1,1,
B60,Hexapoda,Diptera,Culicidae,Culicinae,Wyeomyia,sp2,2,
B60,Clitellata,Oligochaeta,,,,sp1,1,
B62,Hexapoda,Coleoptera,Scirtidae,,Scirtes,sp1,18,
B62,Hexapoda,Diptera,Chironomidae,Chironominae,Polypedilum,sp1,11,
B62,Hexapoda,Coleoptera,Hydrophilidae,,,sp1,1,
B62,Hexapoda,Diptera,Tipulidae,,,sp1,5,
B62,Hexapoda,Diptera,Chironomidae,Tanypodinae,,sp1,1,
B62,Clitellata,Hirudinea,,,,sp1,1,
B62,Hexapoda,Diptera,Chironomidae,Chironominae,,sp1,1,
B63,Hexapoda,Coleoptera,Scirtidae,,Scirtes,sp1,3,
B64,Hexapoda,Diptera,Tipulidae,,,sp1,6,
B64,Hexapoda,Diptera,Ceratopogonidae,Ceratopogoninae,,sp2,2,
B65,Hexapoda,Diptera,Tipulidae,,,pupa1,1,
B65,Hexapoda,Coleoptera,Scirtidae,,Scirtes,sp1,2,
B65,Hexapoda,Diptera,Tipulidae,,,sp1,9,2 dead
B65,Clitellata,Oligochaeta,,,,sp1,1,
B65,Crustacea,Ostracoda,,,,sp1,4,
B65,Clitellata,Oligochaeta,,,,sp4,7,
B66,Hexapoda,Coleoptera,Scirtidae,,Scirtes,sp1,17,4 dead
B66,Hexapoda,Diptera,Chironomidae,Tanypodinae,,sp1,3,
B66,Hexapoda,Diptera,Tipulidae,,,sp1,6,
B66,Hexapoda,Diptera,Culicidae,Anophelinae,Anopheles,sp1,1,
B66,Crustacea,Ostracoda,,,,sp1,12,
B66,Hexapoda,Diptera,Psychodidae,,,sp1,2,
B67,Hexapoda,Diptera,Tipulidae,,,sp1,6,3 dead
B67,Crustacea,Ostracoda,,,,sp1,5,
B67,Hexapoda,Diptera,Chironomidae,Chironominae,Polypedilum,sp1,1,
B67,Clitellata,Oligochaeta,,,,sp2,1,
B67,Hexapoda,Diptera,Chironomidae,Tanypodinae,,sp1,1,
B67,Hexapoda,Coleoptera,Scirtidae,,Scirtes,sp1,4,2 dead
B67,Hexapoda,Diptera,Psychodidae,,,sp1,1,
B67,Hexapoda,Diptera,Dolichopodidae,,,sp1,1,
B68,Hexapoda,Diptera,Tipulidae,,,sp1,1,
B68,Hexapoda,Coleoptera,Scirtidae,,Scirtes,sp1,3,1 dead
B68,Hexapoda,Diptera,Psychodidae,,,sp1,1,
B68,Hexapoda,Diptera,Culicidae,Culicinae,Wyeomyia,sp1,1,
B68,Hexapoda,Diptera,Chironomidae,Chironominae,Polypedilum,sp1,2,
B68,Hexapoda,Diptera,Culicidae,Anophelinae,Anopheles,sp1,1,
B68,Clitellata,Oligochaeta,,,,sp4,1,
B68,Hexapoda,Diptera,Chironomidae,Chironominae,,sp1,2,
B68,Hexapoda,Diptera,,,,mystery_29,1,
B68,Hexapoda,,,,,mystery_7,2,
B68,Hexapoda,Diptera,Culicidae,Culicinae,Wyeomyia,sp3,1,
B69,Hexapoda,Diptera,Tipulidae,,,sp1,11,
B69,Hexapoda,Diptera,Tipulidae,,,pupa1,2,
B69,Hexapoda,Coleoptera,Scirtidae,,Scirtes,sp1,4,2 dead
B69,Hexapoda,Diptera,Dolichopodidae,,,sp1,1,
B69,Clitellata,Oligochaeta,,,,sp2,2,
B69,Hexapoda,Diptera,Culicidae,Anophelinae,Anopheles,sp1,1,
B69,Hexapoda,Diptera,Chironomidae,Tanypodinae,,sp1,1,
B69,Crustacea,Ostracoda,,,,sp1,26,
B69,Hexapoda,Diptera,Syrphidae,,,sp2,1,
B69,Hexapoda,Diptera,Psychodidae,,,sp1,1,
B70,Hexapoda,Coleoptera,Scirtidae,,Scirtes,sp1,8,
B70,Hexapoda,Diptera,Chironomidae,Tanypodinae,,sp1,2,
B70,Crustacea,Ostracoda,,,,sp1,12,
B70,Hexapoda,Diptera,Culicidae,Culicinae,Wyeomyia,sp2,2,
B70,Clitellata,Oligochaeta,,,,sp4,8,
B70,Hexapoda,Diptera,Chironomidae,Chironominae,Polypedilum,sp1,9,
B70,Hexapoda,Diptera,Tipulidae,,,sp1,1,
B70,Hexapoda,,,,,mystery_20,1,
B70,Clitellata,,,,,mystery_30,1,
B71,Hexapoda,Coleoptera,Scirtidae,,Scirtes,sp1,11,
B71,Hexapoda,Diptera,Tipulidae,,,sp1,7,
B71,Clitellata,Oligochaeta,,,,sp4,1,
B71,Hexapoda,,,,,mystery_7,3,
B72,Hexapoda,Coleoptera,Scirtidae,,Scirtes,sp1,7,1 dead
B72,Clitellata,Oligochaeta,,,,sp2,1,
B72,Clitellata,Oligochaeta,,,,sp4,1,
B72,Hexapoda,Diptera,Tipulidae,,,sp1,1,
B72,Hexapoda,Diptera,Culicidae,Culicinae,,sp1,1,busted
B72,Hexapoda,,,,,mystery_7,2,
B72,Hexapoda,Diptera,Culicidae,Culicinae,Wyeomyia,sp2,6,
B73,Hexapoda,Odonata,,,,sp1,1,
B73,Hexapoda,Coleoptera,Scirtidae,,Scirtes,sp1,6,
B73,Hexapoda,,,,,mystery_7,2,
B73,Hexapoda,Diptera,Tipulidae,,,sp1,2,
B73,Hexapoda,Diptera,Culicidae,Culicinae,Wyeomyia,sp1,1,
B73,Crustacea,Ostracoda,,,,sp1,1,
B74,Hexapoda,Diptera,Psychodidae,,,sp1,2,
B74,Clitellata,Oligochaeta,,,,sp1,2,
B74,Clitellata,Oligochaeta,,,,sp2,1,
B74,Hexapoda,Coleoptera,Scirtidae,,Scirtes,sp1,2,
B74,Hexapoda,Diptera,Chironomidae,Chironominae,Polypedilum,sp1,1,
B74,Hexapoda,Diptera,,,,mystery_29,1,
B75,Hexapoda,Coleoptera,Scirtidae,,Scirtes,sp1,6,
B75,Hexapoda,Diptera,Tipulidae,,,sp1,5,
B75,Clitellata,Oligochaeta,,,,sp4,1,
B75,Hexapoda,Diptera,Culicidae,Culicinae,Wyeomyia,sp2,3,
B75,Crustacea,Ostracoda,,,,sp1,1,
B75,Hexapoda,Diptera,,,,mystery_29,1,
B76,Clitellata,Oligochaeta,,,,sp4,1,
B76,Hexapoda,Diptera,Tipulidae,,,sp1,1,
B76,Hexapoda,Diptera,Ceratopogonidae,Forcipomyiinae,,sp1,13,
B76,Crustacea,Ostracoda,,,,sp1,3,
B76,Hexapoda,Diptera,Culicidae,,,pupa1,1,
B76,Hexapoda,Diptera,Culicidae,Culicinae,Wyeomyia,sp1,1,
B76,Hexapoda,Diptera,Culicidae,Culicinae,Wyeomyia,sp2,1,
B76,Clitellata,,,,,mystery_31,2,
B76,Hexapoda,Diptera,,,,mystery_7,1,
B77,Clitellata,Oligochaeta,,,,sp2,2,
B77,Clitellata,Oligochaeta,,,,sp1,1,
B77,Crustacea,Ostracoda,,,,sp1,1,
B77,Hexapoda,Coleoptera,Scirtidae,,Scirtes,sp1,3,
B78,Hexapoda,Coleoptera,Scirtidae,,Scirtes,sp1,19,
B78,Hexapoda,Diptera,Tipulidae,,,sp1,3,
B78,Hexapoda,Diptera,Dolichopodidae,,,sp1,1,
B78,Hexapoda,Diptera,Chironomidae,Chironominae,Polypedilum,sp1,2,
B78,Hexapoda,Diptera,Ceratopogonidae,Forcipomyiinae,,sp2,1,
B79,Hexapoda,Coleoptera,Scirtidae,,Scirtes,sp1,14,
B79,Hexapoda,Diptera,Tipulidae,,,sp1,5,
B79,Clitellata,Oligochaeta,,,,sp1,3,
B79,Hexapoda,Diptera,Chironomidae,Chironominae,Polypedilum,sp1,1,
B79,Clitellata,Oligochaeta,,,,sp2,1,
B79,Hexapoda,Diptera,Dolichopodidae,,,sp1,1,
B79,Clitellata,Oligochaeta,,,,sp4,3,
B79,Clitellata,,,,,mystery_31,1,
B79,Hexapoda,Diptera,Culicidae,Culicinae,Wyeomyia,sp3,1,
B80,Hexapoda,Diptera,Tipulidae,,,sp1,1,
B80,Clitellata,Oligochaeta,,,,sp1,2,
B80,Hexapoda,Coleoptera,Hydrophilidae,,,sp1,1,
B80,Hexapoda,Coleoptera,Scirtidae,,Scirtes,sp1,1,
B81,Hexapoda,Coleoptera,Scirtidae,,Scirtes,sp1,2,
B81,Hexapoda,Diptera,Tipulidae,,,sp1,1,
B81,Hexapoda,Diptera,,,,mystery_7,1,
B81,Clitellata,,,,,mystery_31,1,
B82,Hexapoda,Coleoptera,Scirtidae,,Scirtes,sp1,8,
B82,Hexapoda,Diptera,Tipulidae,,,sp1,5,
B82,Hexapoda,Diptera,Culicidae,Culicinae,Wyeomyia,sp2,2,
B82,Clitellata,Oligochaeta,,,,sp1,1,
B82,Hexapoda,Diptera,Syrphidae,,,sp3,1,
B82,Hexapoda,Diptera,Tipulidae,,,pupa1,1,
B82,Crustacea,Ostracoda,,,,sp1,1,
B85,Hexapoda,Coleoptera,Scirtidae,,Scirtes,sp1,17,
B85,Hexapoda,Diptera,Tipulidae,,,sp1,4,
B83,Hexapoda,Coleoptera,Scirtidae,,Scirtes,sp1,11,
B83,Clitellata,Oligochaeta,,,,sp4,82,
B83,Clitellata,Oligochaeta,,,,sp2,1,
B83,Hexapoda,Diptera,Chironomidae,Tanypodinae,,sp1,7,
B83,Hexapoda,Diptera,Dolichopodidae,,,sp1,1,
B83,Hexapoda,Diptera,Tipulidae,,,sp1,6,
B83,Hexapoda,Diptera,,,,mystery_7,1,
B83,Hexapoda,Diptera,Psychodidae,,,sp1,1,
B83,Hexapoda,Diptera,Culicidae,Culicinae,Wyeomyia,sp3,1,
B84,Hexapoda,Coleoptera,Scirtidae,,Scirtes,sp1,12,
B84,Hexapoda,Diptera,Chironomidae,Tanypodinae,,sp1,1,
B84,Hexapoda,Diptera,,,,mystery_7,2,
B84,Hexapoda,Diptera,Culicidae,Culicinae,Wyeomyia,sp1,11,
B84,Hexapoda,Diptera,Culicidae,,,pupa1,1,
B86,Crustacea,,,,,mystery_4,1,
B86,Hexapoda,Diptera,Tipulidae,,,sp1,9,
B86,Clitellata,Oligochaeta,,,,sp1,1,
B86,Hexapoda,Diptera,Psychodidae,,,sp1,1,
B86,Hexapoda,Coleoptera,Scirtidae,,Scirtes,sp1,11,
B86,Crustacea,Ostracoda,,,,sp1,1,
B86,Hexapoda,Diptera,Chironomidae,Chironominae,Polypedilum,sp1,14,
B86,Clitellata,Oligochaeta,,,,sp4,8,
B86,Hexapoda,Diptera,Culicidae,Culicinae,Wyeomyia,sp3,1,
B86,Hexapoda,Diptera,Ceratopogonidae,Ceratopogoninae,,sp2,1,
B86,Hexapoda,Diptera,,,,mystery_7,2,
B86,Clitellata,Oligochaeta,,,,sp2,2,
B86,Hexapoda,Diptera,Chironomidae,Chironominae,,sp1,1,
B86,Hexapoda,Diptera,Chironomidae,Tanypodinae,,sp1,1,
B86,Hexapoda,Coleoptera,Hydrophilidae,,,sp1,1,
B87,Hexapoda,Coleoptera,Scirtidae,,Scirtes,sp1,3,
B87,Hexapoda,Diptera,Tipulidae,,,sp1,3,
B87,Clitellata,Oligochaeta,,,,sp2,3,
B87,Hexapoda,Diptera,Chironomidae,Chironominae,Polypedilum,sp1,1,
B87,Clitellata,Oligochaeta,,,,sp1,1,
B87,Clitellata,Oligochaeta,,,,sp4,2,
B87,Hexapoda,Diptera,,,,mystery_7,1,
B88,,Tricladida,Geoplanidae,,Dolichoplana,striata,1,
B88,Crustacea,,,,,mystery_4,2,
B88,Hexapoda,Diptera,Tipulidae,,,sp1,6,
B88,Hexapoda,Diptera,Psychodidae,,,sp1,1,
B88,Clitellata,Oligochaeta,,,,sp1,6,
B88,Clitellata,Oligochaeta,,,,sp4,4,
B88,Hexapoda,Diptera,Chironomidae,Chironominae,Polypedilum,sp1,1,
B88,Hexapoda,Diptera,Culicidae,Culicinae,Wyeomyia,sp3,1,
B88,Crustacea,Ostracoda,,,,sp1,3,
B88,Hexapoda,Coleoptera,Hydrophilidae,,,sp1,1,
B89,Crustacea,Cladocera,,,,mystery_4,1,
B89,Hexapoda,Coleoptera,Scirtidae,,Scirtes,sp1,1,1 dead
B89,Hexapoda,Diptera,Tipulidae,,,sp1,5,
B89,Hexapoda,Diptera,Chironomidae,Chironominae,Polypedilum,sp1,4,
B89,Clitellata,Oligochaeta,,,,sp1,2,
B89,Clitellata,Oligochaeta,,,,sp3,2,
B89,Hexapoda,Diptera,Culicidae,Culicinae,Wyeomyia,sp1,8,
B89,Clitellata,,,,,mystery_31,1,
B90,Clitellata,Oligochaeta,,,,sp1,5,
B90,Hexapoda,Diptera,Chironomidae,Chironominae,Polypedilum,sp1,1,
B90,Hexapoda,Diptera,Dolichopodidae,,,sp1,1,
B90,Hexapoda,Diptera,Tipulidae,,,sp1,1,
B90,Clitellata,Oligochaeta,,,,sp1,1,
B91,Hexapoda,Diptera,Psychodidae,,,sp1,3,
B91,Clitellata,Oligochaeta,,,,sp1,8,
B91,Hexapoda,Diptera,Tipulidae,,,sp1,2,
B91,Hexapoda,Diptera,Culicidae,Culicinae,Wyeomyia,sp2,6,
B91,Hexapoda,Diptera,Chironomidae,Chironominae,Polypedilum,sp1,2,
B92,Hexapoda,Diptera,Chironomidae,Chironominae,Polypedilum,sp1,16,
B92,Hexapoda,Diptera,Tipulidae,,,sp1,6,
B92,Hexapoda,Coleoptera,Scirtidae,,Scirtes,sp1,10,
B92,Clitellata,Oligochaeta,,,,sp1,1,
B92,Hexapoda,Diptera,Chironomidae,Chironominae,Polypedilum,pupa1,1,
B93,Hexapoda,Diptera,Culicidae,Culicinae,Toxorynchites,sp1,1,
B93,Hexapoda,Diptera,Tipulidae,,,sp1,15,
B93,Hexapoda,Diptera,Psychodidae,,,sp1,9,
B93,Clitellata,Oligochaeta,,,,sp2,4,
B93,Hexapoda,Diptera,Dolichopodidae,,,sp1,1,
B93,Clitellata,Oligochaeta,,,,sp1,10,
B93,Hexapoda,Diptera,Chironomidae,Tanypodinae,,sp1,1,
B93,Hexapoda,Diptera,Chironomidae,Chironominae,,sp1,2,
B93,Hexapoda,Diptera,Culicidae,Culicinae,Wyeomyia,sp3,1,
B93,Hexapoda,Diptera,Culicidae,Culicinae,Wyeomyia,sp1,1,
B93,Clitellata,Oligochaeta,,,,sp4,1,
B93,Hexapoda,Diptera,Culicidae,Culicinae,Wyeomyia,sp2,2,
B93,Hexapoda,Diptera,,,,pupa1,1,culi or chiro
B105,Hexapoda,Odonata,,,,sp1,4,
B105,Hexapoda,,,,,mystery7,9,
B105,Hexapoda,Diptera,Chironomidae,Chironominae,,sp1,14,
B105,Hexapoda,Diptera,Chironomidae,Chironominae,Polypedilum,sp1,24,
B105,Clitellata,Oligochaeta,,,,sp2,1,
B105,Hexapoda,Diptera,Chironomidae,Tanypodinae,,sp1,5,
B105,,Tricladida,Geoplanidae,,Dolichoplana,striata,1,
B105,Crustacea,Ostracoda,,,,sp1,32,
B105,Hexapoda,Diptera,Tipulidae,,,sp1,2,
B105,Hexapoda,Diptera,Culicidae,Culicinae,Wyeomyia,sp3,2,
B105,Hexapoda,Diptera,Ceratopogonidae,Forcipomyiinae,,sp1,2,
B105,Hexapoda,Diptera,Dolichopodidae,,,sp1,1,
B104,Hexapoda,,,,,mystery7,8,
B104,Hexapoda,Diptera,Chironomidae,Chironominae,Polypedilum,sp1,17,
B104,Hexapoda,Coleoptera,Scirtidae,,Scirtes,sp1,2,
B104,Crustacea,Ostracoda,,,,sp1,2,
B104,Hexapoda,Diptera,Chironomidae,Chironominae,,sp1,7,
B104,Crustacea,Ostracoda,,,,sp1,32,
B104,Hexapoda,Diptera,Ceratopogonidae,Forcipomyiinae,,sp1,6,
B104,Hexapoda,Diptera,Chironomidae,Tanypodinae,,sp1,6,
B104,Hexapoda,Diptera,Psychodidae,,,sp1,4,
B104,Hexapoda,Diptera,Culicidae,Anophelinae,Anopheles,sp1,1,
B104,Hexapoda,Diptera,Chironomidae,Tanypodinae,,sp1,1,
B104,Hexapoda,Diptera,Culicidae,Culicinae,Wyeomyia,sp3,2,
B104,Hexapoda,,,,,mystery29,1,
B102,Hexapoda,Diptera,Tipulidae,,,sp1,2,
B102,Hexapoda,Diptera,Chironomidae,Chironominae,Polypedilum,sp1,14,
B102,Hexapoda,Coleoptera,Scirtidae,,Scirtes,sp1,3,
B102,Hexapoda,Diptera,Chironomidae,Chironominae,,sp1,7,
B102,Hexapoda,Diptera,Corethrellidae,,,sp1,1,
B102,Hexapoda,Diptera,Ceratopogonidae,Forcipomyiinae,,sp1,2,
B102,Hexapoda,,,,,mystery7,1,
B102,Hexapoda,,,,,mystery29,3,
B102,Hexapoda,Diptera,Culicidae,Culicinae,Wyeomyia,sp3,2,
B102,Crustacea,Ostracoda,,,,sp1,7,
B102,Hexapoda,Diptera,Chironomidae,Tanypodinae,,sp1,1,
B102,Hexapoda,Diptera,Culicidae,Anophelinae,Anopheles,sp1,1,
B101,Hexapoda,Coleoptera,Scirtidae,,Scirtes,sp1,7,
B101,Crustacea,Ostracoda,,,,sp1,9,
B101,Hexapoda,Diptera,Chironomidae,Chironominae,,sp1,11,
B101,Hexapoda,Diptera,Chironomidae,Chironominae,Polypedilum,sp1,28,
B101,Hexapoda,Diptera,Tipulidae,,,sp1,3,
B101,Hexapoda,Diptera,Psychodidae,,,sp1,1,
B101,Hexapoda,Diptera,Dolichopodidae,,,sp1,2,
B101,Hexapoda,,,,,mystery29,1,
B101,Hexapoda,Diptera,Chironomidae,Tanypodinae,,sp1,1,
B101,Hexapoda,Diptera,Culicidae,Culicinae,Wyeomyia,sp3,2,
B101,Hexapoda,Diptera,Ceratopogonidae,Forcipomyiinae,,sp3,1,
B101,Clitellata,Oligochaeta,,,,sp4,1,
B101,Clitellata,,,,,mystery_30,1,
B103,Hexapoda,Diptera,Chironomidae,Chironominae,Polypedilum,sp1,18,
B103,Hexapoda,Diptera,Ceratopogonidae,Forcipomyiinae,,sp3,1,
B103,Hexapoda,Diptera,Dolichopodidae,,,sp1,1,
B103,Hexapoda,Diptera,Chironomidae,Tanypodinae,,sp1,6,
B103,Hexapoda,Diptera,Chironomidae,Chironominae,,sp1,3,
B103,Hexapoda,Coleoptera,Scirtidae,,Scirtes,sp1,3,
B103,Hexapoda,Odonata,,,,sp1,1,
B103,Hexapoda,Diptera,Psychodidae,,,sp1,1,
B103,Crustacea,Ostracoda,,,,sp1,4,
B96,,Tricladida,Geoplanidae,,Dolichoplana,striata,1,
B96,Enopla,Hoplonemertea,Prosorhochmidae,,Geonermetes,palaensis,1,
B96,Hexapoda,Diptera,Tipulidae,,,sp1,1,
B96,Hexapoda,Coleoptera,Scirtidae,,Scirtes,sp1,5,
B96,Hexapoda,Diptera,Chironomidae,Chironominae,Polypedilum,sp1,11,
B96,Hexapoda,Diptera,Dolichopodidae,,,sp1,1,
B96,Crustacea,Ostracoda,,,,sp1,32,
B96,Hexapoda,Diptera,Chironomidae,Chironominae,,sp1,3,
B100,Clitellata,Oligochaeta,,,,sp4,5,
B100,Crustacea,Cladocera,,,,mystery4,3,
B100,Hexapoda,Coleoptera,Scirtidae,,Scirtes,sp1,2,
B100,Hexapoda,,Culicidae,Culicinae,Wyeomyia,sp3,2,
B100,Hexapoda,Diptera,,,,mystery29,1,
B100,Hexapoda,Diptera,Chironomidae,Tanypodinae,,sp1,1,
B100,Hexapoda,Diptera,,,,mystery7,1,
B100,Crustacea,Ostracoda,,,,sp1,29,
B100,Hexapoda,Diptera,Dolichopodidae,,,sp1,1,
B100,Hexapoda,Diptera,Chironomidae,Chironominae,Polypedilum,sp1,2,
B98,Hexapoda,Coleoptera,Scirtidae,,Scirtes,sp1,15,
B98,Hexapoda,Diptera,Dolichopodidae,,,sp1,1,
B98,Crustacea,Cladocera,,,,mystery4,2,
B98,Hexapoda,Coleoptera,Dytiscidae,,,larva1,3,
B98,Crustacea,Ostracoda,,,,sp1,22,
B98,Hexapoda,Diptera,Chironomidae,Chironominae,,sp1,1,
B95,Crustacea,Ostracoda,,,,sp1,56,
B95,Hexapoda,Diptera,Tipulidae,,,sp1,16,
B95,Hexapoda,Diptera,Chironomidae,Chironominae,,sp1,1,
B95,Hexapoda,,,,,mystery7,1,
B97,Hexapoda,Diptera,Chironomidae,Chironominae,,sp1,12,
B97,Crustacea,Ostracoda,,,,sp1,17,
B97,Hexapoda,Diptera,Tipulidae,,,pupa1,1,
B97,Hexapoda,,,,,mystery7,2,
B97,Hexapoda,Diptera,Chironomidae,Chironominae,Polypedilum,sp1,1,
B97,Hexapoda,Diptera,Ceratopogonidae,Forcipomyiinae,,sp1,2,
B99,Hexapoda,Coleoptera,Scirtidae,,Scirtes,sp1,9,
B99,Crustacea,Ostracoda,,,,sp1,51,
B99,Clitellata,Oligochaeta,,,,sp4,2,
B99,Hexapoda,Diptera,Chironomidae,Chironominae,,sp1,1,
B99,Hexapoda,Diptera,Chironomidae,Chironominae,Polypedilum,sp1,3,
B99,Hexapoda,Diptera,Dolichopodidae,,,sp1,1,
B99,Hexapoda,Diptera,Chironomidae,Tanypodinae,,sp1,1,
B94,Clitellata,Oligochaeta,,,,sp4,15,
B94,Hexapoda,Diptera,Tipulidae,,,sp1,9,
B94,Hexapoda,Diptera,Chironomidae,Tanypodinae,,sp1,9,
B94,Hexapoda,Diptera,Chironomidae,Chironominae,Polypedilum,sp1,13,
B94,Hexapoda,Coleoptera,Scirtidae,,Scirtes,sp1,2,
B94,Clitellata,Oligochaeta,,,,sp1,1,
B94,Hexapoda,Diptera,Chironomidae,Chironominae,,sp1,5,
B94,Crustacea,Ostracoda,,,,sp1,39,
B94,Hexapoda,Coleoptera,Hydrophilidae,,,sp1,1,
B94,Clitellata,Oligochaeta,,,,sp2,1,
B94,Hexapoda,,,,,mystery1,1,
B94,Hexapoda,Diptera,Ceratopogonidae,Forcipomyiinae,,sp1,1,
B106,Hexapoda,,,,,mystery22,1,
B106,Hexapoda,Odonata,,,,sp1,2,
B106,Clitellata,Oligochaeta,,,,sp4,36,
B106,Hexapoda,Diptera,Chironomidae,Chironominae,Polypedilum,sp1,23,
B106,Hexapoda,Coleoptera,Scirtidae,,Scirtes,sp1,13,
B106,Hexapoda,Diptera,Chironomidae,Tanypodinae,,sp1,9,
B106,Hexapoda,Diptera,Chironomidae,Chironominae,,sp1,8,
B106,Crustacea,Ostracoda,,,,sp1,16,
B106,Hexapoda,Diptera,Chironomidae,Chironominae,,pupa1,1,"sort of mesh at 1mm of pupa, encasing it"
B106,Hexapoda,Diptera,Tipulidae,,,sp1,3,
B106,Hexapoda,Diptera,Culicidae,Culicinae,Wyeomyia,sp3,1,
B107,Hexapoda,Odonata,,,,sp1,1,
B107,Hexapoda,Diptera,Dolichopodidae,,,sp1,2,
B107,Hexapoda,Diptera,,,,mystery7,3,
B107,Hexapoda,Diptera,Tipulidae,,,sp1,1,
B107,Hexapoda,Diptera,Chironomidae,Chironominae,,sp1,6,
B107,Hexapoda,Coleoptera,Scirtidae,,Scirtes,sp1,1,
B107,Hexapoda,Diptera,Psychodidae,,,sp1,6,
B107,Hexapoda,Diptera,Chironomidae,Chironominae,Polypedilum,sp1,1,
B107,Hexapoda,Diptera,Chironomidae,Tanypodinae,,sp1,2,
B107,Crustacea,Ostracoda,,,,sp1,5,
B107,Hexapoda,Diptera,,,,pupa1,2,
B117,Crustacea,Ostracoda,,,,sp1,261,
B117,Hexapoda,Coleoptera,Scirtidae,,Scirtes,sp1,7,
B117,Clitellata,Oligochaeta,,,,sp4,25,
B117,Hexapoda,Diptera,Tipulidae,,,sp1,3,
B117,Hexapoda,Diptera,Ceratopogonidae,Ceratopogoninae,,sp1,3,
B117,Clitellata,Oligochaeta,,,,sp1,5,
B117,Hexapoda,Diptera,Chironomidae,Chironominae,Polypedilum,sp1,3,
B117,Hexapoda,Diptera,Chironomidae,Tanypodinae,,sp1,1,
B117,Hexapoda,Coleoptera,Dytiscidae,,,larva1,6,
B116,Crustacea,Ostracoda,,,,sp1,274,
B116,Clitellata,Oligochaeta,,,,sp4,45,
B116,Hexapoda,Diptera,Tipulidae,,,sp1,15,
B116,Hexapoda,Diptera,Ceratopogonidae,Ceratopogoninae,,sp1,1,
B116,Clitellata,Oligochaeta,,,,sp1,2,
B116,Hexapoda,Coleoptera,Scirtidae,,Scirtes,sp1,3,
B116,Hexapoda,Coleoptera,Dytiscidae,,,larva1,1,
B116,Hexapoda,Diptera,Chironomidae,Chironominae,Polypedilum,sp1,5,
B116,Hexapoda,Diptera,Chironomidae,Tanypodinae,,sp1,1,
B116,Hexapoda,Diptera,Chironomidae,Chironominae,,sp1,2,
B116,,,,,,mystery31,1,
B111,Crustacea,Ostracoda,,,,sp1,22,
B111,Hexapoda,Diptera,Chironomidae,Chironominae,Polypedilum,sp1,43,
B111,Hexapoda,Coleoptera,Scirtidae,,Scirtes,sp1,8,
B111,Hexapoda,Diptera,Tipulidae,,,sp1,5,
B111,Hexapoda,Diptera,Chironomidae,Tanypodinae,,sp1,2,
B111,Hexapoda,Diptera,Chironomidae,Chironominae,,sp1,1,
B113,Crustacea,Ostracoda,,,,sp1,62,
B113,Hexapoda,Coleoptera,Dytiscidae,,,larva1,1,
B113,Hexapoda,Coleoptera,Scirtidae,,Scirtes,sp1,16,
B113,Hexapoda,Diptera,Tipulidae,,,sp1,3,
B113,Hexapoda,Diptera,Chironomidae,Tanypodinae,,sp1,8,
B113,Hexapoda,Diptera,,,,mystery29,9,
B113,Hexapoda,Diptera,Chironomidae,Chironominae,Polypedilum,sp1,8,
B113,Hexapoda,Diptera,Chironomidae,Chironominae,,sp1,2,
B113,Hexapoda,Diptera,,,,pupa1,3,
B113,Hexapoda,Diptera,Dolichopodidae,,,sp1,1,
B112,Crustacea,Ostracoda,,,,sp1,614,
B112,Hexapoda,Diptera,Chironomidae,Chironominae,Polypedilum,sp1,67,
B112,Hexapoda,Coleoptera,Scirtidae,,Scirtes,sp1,30,
B112,Hexapoda,Diptera,Tipulidae,,,sp1,2,
B112,Hexapoda,Coleoptera,Dytiscidae,,,larva1,3,
B112,Hexapoda,,,,,mystery7,1,
B112,Hexapoda,Diptera,Chironomidae,Chironominae,,sp1,3,
B112,Hexapoda,Diptera,Psychodidae,,,sp1,1,
B112,Crustacea,Cladocera,,,,mystery4,1,
B108,Crustacea,Cladocera,,,,mystery4,5,
B108,Crustacea,Ostracoda,,,,sp1,16,
B108,Hexapoda,Diptera,Tipulidae,,,sp1,10,
B108,Hexapoda,Diptera,Chironomidae,Chironominae,,sp1,3,
B108,Hexapoda,Diptera,Chironomidae,Chironominae,Polypedilum,sp1,22,
B108,Hexapoda,Coleoptera,Scirtidae,,Scirtes,sp1,1,
B108,Hexapoda,Diptera,Culicidae,Culicinae,Wyeomyia,sp3,2,
B108,Hexapoda,Diptera,Culicidae,Culicinae,Toxorynchites,sp1,1,
B108,Clitellata,Oligochaeta,,,,sp3,1,
B115,Crustacea,Ostracoda,,,,sp1,5,
B115,Hexapoda,Diptera,Dolichopodidae,,,sp1,1,
B115,Hexapoda,Coleoptera,Scirtidae,,Scirtes,sp1,17,
B115,Hexapoda,Diptera,Tipulidae,,,sp1,9,
B115,Hexapoda,Diptera,Chironomidae,Chironominae,,sp1,5,
B115,Hexapoda,Diptera,Chironomidae,Chironominae,Polypedilum,sp1,8,
B115,Hexapoda,Diptera,Ceratopogonidae,Ceratopogoninae,,sp1,10,
B115,Clitellata,Oligochaeta,,,,sp1,1,
B115,Hexapoda,Diptera,Psychodidae,,,sp1,1,
B115,Crustacea,Cladocera,,,,mystery4,2,
B110,Hexapoda,Diptera,Chironomidae,Chironominae,,sp1,3,
B110,Clitellata,Oligochaeta,,,,sp1,12,
B110,Hexapoda,Diptera,Chironomidae,Chironominae,Polypedilum,sp1,19,
B110,Hexapoda,Diptera,Tipulidae,,,sp1,20,
B110,Crustacea,Ostracoda,,,,sp1,26,
B110,Hexapoda,Diptera,Culicidae,Culicinae,Toxorynchites,sp1,2,
B110,Hexapoda,Coleoptera,Scirtidae,,Scirtes,sp1,3,
B110,Crustacea,Cladocera,,,,mystery4,1,
B110,Hexapoda,Diptera,Corethrellidae,,,sp1,1,
B110,Hexapoda,Diptera,Culicidae,Culicinae,Wyeomyia,sp1,2,
B110,Hexapoda,Diptera,Ceratopogonidae,Ceratopogoninae,,sp1,1,
B109,Hexapoda,Diptera,Tipulidae,,,sp1,5,
B109,Hexapoda,Diptera,Chironomidae,Chironominae,,sp1,4,
B109,Hexapoda,Diptera,Chironomidae,Chironominae,Polypedilum,sp1,8,
B109,Hexapoda,Diptera,,,,mystery7,5,
B109,Hexapoda,Coleoptera,Scirtidae,,Scirtes,sp1,15,
B109,Clitellata,Oligochaeta,,,,sp1,1,
B109,Crustacea,Ostracoda,,,,sp1,1,
B109,Hexapoda,Diptera,Culicidae,Culicinae,Wyeomyia,sp1,2,
B109,Hexapoda,Diptera,Culicidae,Culicinae,Wyeomyia,sp2,2,
B109,Hexapoda,Diptera,Corethrellidae,,,sp1,1,
B109,Hexapoda,Diptera,Dolichopodidae,,,sp1,1,
B109,Hexapoda,Diptera,Culicidae,Culicinae,Wyeomyia,sp3,1,
B109,Crustacea,Cladocera,,,,mystery4,1,
B109,Hexapoda,Diptera,Chironomidae,Tanypodinae,,sp1,1,
B114,Hexapoda,Diptera,Chironomidae,Chironominae,Polypedilum,sp1,4,
B114,Hexapoda,Diptera,,,,mystery7,1,
B114,Hexapoda,Diptera,Chironomidae,Tanypodinae,,sp1,7,
B114,Hexapoda,Diptera,Tipulidae,,,sp1,7,
B114,Crustacea,Ostracoda,,,,sp1,106,
B114,Hexapoda,Diptera,Chironomidae,Chironominae,,sp1,5,
B114,Hexapoda,Coleoptera,Scirtidae,,Scirtes,sp1,9,
B114,Hexapoda,Odonata,,,,sp1,2,
B114,Clitellata,Oligochaeta,,,,sp1,1,
